time,open,high,low,close,tickvol,vol
2020-09-18,100100.0,100155.0,97960.0,98090.0,3444965,13070714
2020-09-21,96720.0,97370.0,95820.0,96940.0,3758923,12982175
2020-09-22,96940.0,97775.0,96405.0,96975.0,3653035,12864327
2020-09-23,97500.0,97520.0,95505.0,95610.0,3693862,13512364
2020-09-24,95400.0,98080.0,95300.0,96980.0,3703403,13338037
2020-09-25,96505.0,97175.0,95550.0,97085.0,3118425,11995061
2020-09-28,98300.0,98450.0,94310.0,94500.0,3839834,14496537
2020-09-29,94615.0,95520.0,93220.0,93465.0,4169633,15215260
2020-09-30,93400.0,95390.0,93140.0,95075.0,4154519,14268133
2020-10-01,95370.0,95590.0,93535.0,95235.0,3916810,14100740
2020-10-02,94500.0,96040.0,93120.0,93300.0,3856708,13462384
2020-10-05,94155.0,96465.0,93660.0,95900.0,3603367,13163911
2020-10-06,96725.0,97480.0,95125.0,95505.0,4286645,15652572
2020-10-07,96240.0,96435.0,94760.0,95790.0,3845300,14551857
2020-10-08,96175.0,98070.0,95535.0,97655.0,3464152,12557217
2020-10-09,97905.0,98700.0,97095.0,97650.0,3354789,12396444
2020-10-13,98180.0,99050.0,97210.0,98080.0,3676826,14624362
2020-10-14,98190.0,99875.0,98140.0,99250.0,3012643,11129371
2020-10-15,98175.0,99730.0,97910.0,99045.0,3288870,12417596
2020-10-16,99340.0,99435.0,98280.0,98700.0,3217702,12868460
2020-10-19,99150.0,100170.0,98570.0,98940.0,3198349,12871106
2020-10-20,99200.0,100970.0,99120.0,100930.0,3235193,12894011
2020-10-21,100500.0,101875.0,100280.0,100710.0,3483719,13984226
2020-10-22,100660.0,102445.0,100565.0,102375.0,3169021,13174251
2020-10-23,102420.0,102480.0,101275.0,101630.0,2869736,12074176
2020-10-26,100845.0,101970.0,99940.0,101355.0,3130626,13575104
2020-10-27,101890.0,101940.0,98770.0,98850.0,3177162,12470220
2020-10-28,98300.0,98375.0,95130.0,95130.0,4143274,16471130
2020-10-29,95235.0,96895.0,93555.0,95765.0,4586813,17784945
2020-10-30,95505.0,96340.0,93630.0,94535.0,4771380,17825593
2020-11-03,96090.0,96535.0,95135.0,95750.0,4405259,16007251
2020-11-04,96155.0,98470.0,96155.0,98390.0,4271257,16273585
2020-11-05,99285.0,101120.0,99150.0,101080.0,4169057,15976317
2020-11-06,100395.0,101275.0,99990.0,101035.0,3698407,14223785
2020-11-09,104115.0,105355.0,103250.0,103250.0,4512687,16686153
2020-11-10,103500.0,105940.0,103390.0,104885.0,4371308,17467421
2020-11-11,105410.0,105565.0,104245.0,105135.0,4025130,15927925
2020-11-12,104855.0,105250.0,102145.0,102900.0,3980601,15102999
2020-11-13,103355.0,105200.0,103075.0,104975.0,3634548,14047440
2020-11-16,106250.0,106880.0,105275.0,106880.0,3828797,14655239
2020-11-17,106250.0,107935.0,105915.0,107500.0,3781737,14492404
2020-11-18,107885.0,107920.0,105900.0,105900.0,4023430,15901131
2020-11-19,105850.0,107140.0,105580.0,106550.0,3907564,14582747
2020-11-20,106845.0,107115.0,105705.0,106200.0,3373879,12738554
2020-11-23,106935.0,107610.0,106630.0,107450.0,3553818,13654999
2020-11-24,108115.0,110325.0,107575.0,110190.0,3285602,12818233
2020-11-25,109550.0,110715.0,109300.0,110060.0,3657891,13948643
2020-11-26,109915.0,110400.0,109405.0,110325.0,2310428,8054585
2020-11-27,110485.0,111680.0,110325.0,110390.0,2653317,10062586
2020-11-30,110075.0,111065.0,108830.0,109495.0,3533489,13060290
2020-12-01,110690.0,111965.0,110325.0,111400.0,3287408,13577174
2020-12-02,111350.0,112355.0,110625.0,111905.0,3618519,15060802
2020-12-03,111805.0,113440.0,111750.0,112450.0,3836063,14777130
2020-12-04,112975.0,113940.0,112875.0,113525.0,3169836,12523900
2020-12-07,113090.0,114575.0,112505.0,113750.0,3399474,14033979
2020-12-08,113120.0,114385.0,112750.0,113750.0,3817874,14415527
2020-12-09,114040.0,114190.0,112455.0,112990.0,3877518,15941270
2020-12-10,113200.0,115350.0,112625.0,115350.0,3483895,14003286
2020-12-11,114350.0,115550.0,113915.0,115180.0,3507981,13664360
2020-12-14,115665.0,115950.0,114285.0,114320.0,3729357,14634740
2020-12-15,114900.0,116390.0,114830.0,116300.0,3064868,12118702
2020-12-16,116590.0,118340.0,115655.0,117870.0,3135030,13088590
2020-12-17,118075.0,119290.0,117890.0,118830.0,3217364,12970980
2020-12-18,118115.0,119645.0,117730.0,118040.0,3449790,14378983
2020-12-21,115815.0,117290.0,115085.0,115900.0,4089793,16217205
2020-12-22,116300.0,117135.0,115750.0,117040.0,3451937,13796259
2020-12-23,117305.0,118560.0,117055.0,117870.0,2753519,11190857
2020-12-28,118500.0,119615.0,118330.0,119550.0,2357286,9602008
2020-12-29,119800.0,120045.0,118870.0,119580.0,2710733,11423575
2020-12-30,119870.0,120380.0,119005.0,119175.0,2507348,10331069
2021-01-04,120270.0,120585.0,118135.0,118695.0,3430457,13878858
2021-01-05,118990.0,119965.0,116765.0,119050.0,3813014,15459158
2021-01-06,119220.0,121075.0,118895.0,119060.0,4225855,17032166
2021-01-07,119560.0,123480.0,119230.0,123180.0,3508515,14317616
2021-01-08,123150.0,125470.0,122365.0,125365.0,4345095,17280976
2021-01-11,124500.0,124915.0,122460.0,123500.0,4610171,17551556
2021-01-12,123800.0,124720.0,123230.0,124170.0,4108511,15694736
2021-01-13,123945.0,124395.0,121020.0,122270.0,4423890,17470598
2021-01-14,122805.0,124045.0,122335.0,123200.0,4070487,15490745
2021-01-15,122705.0,122745.0,120075.0,120350.0,4205180,16087833
2021-01-18,120730.0,122780.0,119960.0,121265.0,3630860,13691665
2021-01-19,122195.0,122440.0,119255.0,120625.0,4537602,18821011
2021-01-20,120580.0,121520.0,118670.0,119695.0,4080303,16075005
2021-01-21,120200.0,120320.0,117745.0,118200.0,4261751,16335767
2021-01-22,116850.0,117945.0,116065.0,117500.0,4178714,16054780
2021-01-26,116790.0,119195.0,116050.0,116300.0,4623625,18462019
2021-01-27,115745.0,117870.0,114820.0,115500.0,5327837,21073155
2021-01-28,115675.0,119475.0,115465.0,119325.0,5089417,19233127
2021-01-29,118600.0,118680.0,114710.0,115000.0,5120161,21434219
2021-02-01,116350.0,117990.0,115660.0,117450.0,5225860,19286263
2021-02-02,118485.0,119915.0,117710.0,118610.0,5550223,20612170
2021-02-03,118935.0,120380.0,118550.0,119840.0,5136794,18806484
2021-02-04,120110.0,120685.0,118825.0,118950.0,4857633,17712708
2021-02-05,119675.0,121195.0,119365.0,120500.0,4476182,16914604
2021-02-08,120520.0,120885.0,119040.0,119670.0,4968450,18845458
2021-02-09,119600.0,119980.0,118175.0,119500.0,5030805,19160496
2021-02-10,119750.0,119915.0,117830.0,118185.0,5096715,19404745
2021-02-11,118645.0,120325.0,118400.0,119600.0,4514429,18674547
2021-02-12,119010.0,119780.0,118025.0,119570.0,4098018,16321533
2021-02-17,119695.0,120800.0,119030.0,120780.0,2080901,8248814
2021-02-18,120600.0,121050.0,118625.0,119200.0,4742579,18290563
2021-02-19,118450.0,119420.0,117970.0,118220.0,4325620,16914200
2021-02-22,112970.0,114600.0,111740.0,112130.0,5079379,18026377
2021-02-23,113000.0,115750.0,112950.0,115515.0,5197155,20481916
2021-02-24,115515.0,116360.0,114745.0,115945.0,4461490,17687704
2021-02-25,116000.0,116720.0,111815.0,112000.0,5360700,22300423
2021-02-26,112245.0,113660.0,109765.0,109800.0,5556097,22690466
2021-03-01,111350.0,112670.0,110060.0,110470.0,5434159,21406831
2021-03-02,110000.0,112630.0,107330.0,111980.0,6202560,24317810
2021-03-03,112650.0,112775.0,107550.0,111335.0,7734448,25805130
2021-03-04,111600.0,114700.0,111000.0,113450.0,7711589,23949689
2021-03-05,113665.0,115635.0,112415.0,115465.0,5952296,19939752
2021-03-08,114150.0,114695.0,108975.0,109000.0,7688200,25700481
2021-03-09,110500.0,112915.0,109405.0,111150.0,6822508,21793588
2021-03-10,111550.0,113250.0,109945.0,112995.0,6346463,20903513
2021-03-11,114065.0,115265.0,113330.0,114615.0,5125705,16795158
2021-03-12,113970.0,114540.0,113300.0,114150.0,4276135,14569552
2021-03-15,114485.0,115245.0,113520.0,115000.0,4180519,14528346
2021-03-16,115205.0,115260.0,113390.0,114240.0,4001400,14188006
2021-03-17,113645.0,116940.0,113135.0,116610.0,4321359,15558176
2021-03-18,116345.0,117510.0,114385.0,115300.0,5176020,18189229
2021-03-19,115210.0,116600.0,114715.0,115870.0,4448027,15220216
2021-03-22,116150.0,116175.0,113630.0,115420.0,4461145,15961472
2021-03-23,114430.0,115730.0,113025.0,113200.0,5166435,18146743
2021-03-24,113585.0,114950.0,111635.0,111785.0,4749412,17353434
2021-03-25,111820.0,114125.0,110840.0,113515.0,5176299,18512516
2021-03-26,113735.0,115530.0,113155.0,114595.0,4623545,16664283
2021-03-29,114300.0,115795.0,113770.0,115610.0,5208059,18494045
2021-03-30,115400.0,117190.0,114665.0,116985.0,4810485,17605230
2021-03-31,116875.0,117350.0,115915.0,116630.0,4547364,16538747
2021-04-01,117135.0,117515.0,114680.0,114740.0,4631658,17039899
2021-04-05,115590.0,117830.0,115580.0,117600.0,4257845,17116295
2021-04-06,117290.0,118260.0,117100.0,117795.0,4665433,17807985
2021-04-07,117620.0,118500.0,116680.0,117995.0,4653485,17600864
2021-04-08,118245.0,119020.0,117410.0,118250.0,4267515,15861803
2021-04-09,118040.0,118695.0,117205.0,117800.0,4307692,15606209
2021-04-12,117475.0,118950.0,117430.0,118715.0,3824153,14354990
2021-04-13,118155.0,119565.0,117880.0,119010.0,4046727,15447179
2021-04-14,119490.0,121370.0,119490.0,120825.0,3072376,12422526
2021-04-15,121000.0,121880.0,120540.0,121250.0,4311133,16995081
2021-04-16,121200.0,121860.0,120620.0,121620.0,3908130,15934262
2021-04-19,121500.0,122475.0,121050.0,121345.0,4192027,16312242
2021-04-20,120900.0,121765.0,120255.0,120270.0,4110652,16341270
2021-04-22,120775.0,121460.0,119615.0,120255.0,4730148,18180736
2021-04-23,120700.0,121310.0,120300.0,121220.0,4055993,14198088
2021-04-26,121460.0,121750.0,120145.0,121290.0,3997744,14324901
2021-04-27,121300.0,121540.0,119160.0,119200.0,4064439,16369712
2021-04-28,119610.0,121990.0,119525.0,121960.0,3683926,14358899
2021-04-29,121705.0,122050.0,120080.0,120265.0,4112846,16651857
2021-04-30,120035.0,120540.0,118905.0,119055.0,4642624,18203378
2021-05-03,119800.0,120335.0,118815.0,119525.0,4199731,16151559
2021-05-04,119260.0,119700.0,117915.0,118180.0,4510263,17525644
2021-05-05,118700.0,120205.0,118470.0,120045.0,3816201,15218841
2021-05-06,120025.0,120420.0,119320.0,120380.0,4334707,16740965
2021-05-07,120630.0,122705.0,120380.0,122405.0,3446388,13595787
2021-05-10,122295.0,123045.0,122045.0,122200.0,3851225,14774841
2021-05-11,121290.0,123250.0,120465.0,122960.0,4474973,17805021
2021-05-12,122755.0,122895.0,119650.0,119900.0,4799687,18463110
2021-05-13,120110.0,121725.0,119830.0,120970.0,4579773,17847990
2021-05-14,121515.0,122475.0,121185.0,121860.0,4229227,16604769
2021-05-17,121435.0,123370.0,121335.0,123010.0,3773808,13626462
2021-05-18,123550.0,123840.0,122710.0,122900.0,4428614,17585770
2021-05-19,121955.0,123495.0,121690.0,123100.0,4719880,17915423
2021-05-20,122990.0,123220.0,122300.0,122740.0,3727279,14851364
2021-05-21,123195.0,123245.0,121910.0,122755.0,3104432,12046338
2021-05-24,122950.0,124425.0,122700.0,124140.0,3366737,13710469
2021-05-25,124065.0,124930.0,122890.0,123315.0,3784471,15984650
2021-05-26,123520.0,124510.0,123505.0,123890.0,3376831,13901269
2021-05-27,123890.0,124740.0,123625.0,124600.0,3528123,15738571
2021-05-28,124840.0,125880.0,124350.0,125515.0,3190263,13552662
2021-05-31,125515.0,126340.0,125390.0,126140.0,2863533,11353150
2021-06-01,126600.0,128560.0,126345.0,128430.0,3418814,15208910
2021-06-02,128260.0,129675.0,128050.0,129430.0,3578740,15899265
2021-06-04,129105.0,130280.0,129105.0,130080.0,3886638,15915099
2021-06-07,130175.0,131360.0,129560.0,130515.0,4106576,18050957
2021-06-08,130605.0,130895.0,129320.0,130025.0,4324569,19705616
2021-06-09,130040.0,130960.0,129365.0,129765.0,4602259,20707106
2021-06-10,129800.0,130660.0,129500.0,130100.0,4755977,20864259
2021-06-11,130385.0,130425.0,128640.0,129560.0,3649464,14867216
2021-06-14,129760.0,131150.0,129650.0,130210.0,3815918,16997722
2021-06-15,130380.0,130385.0,129235.0,130075.0,4632594,19979054
2021-06-16,130705.0,131165.0,129085.0,129945.0,4627449,20603446
2021-06-17,129850.0,130745.0,128325.0,129290.0,4769277,20856293
2021-06-18,129350.0,129580.0,128250.0,128510.0,4721279,20191211
2021-06-21,128995.0,130230.0,128755.0,129900.0,3970089,16042274
2021-06-22,129915.0,129930.0,128480.0,129760.0,4298227,18764218
2021-06-23,129760.0,130645.0,128835.0,129240.0,3979650,17181714
2021-06-24,129685.0,130325.0,129500.0,130125.0,3851654,16508928
2021-06-25,130285.0,130450.0,127235.0,128145.0,4467254,19161765
2021-06-28,128045.0,128765.0,126945.0,128000.0,4429552,18774418
2021-06-29,127900.0,128100.0,126765.0,127775.0,4173063,18784731
2021-06-30,127400.0,127835.0,126750.0,126985.0,4248136,19711908
2021-07-01,127435.0,127735.0,125485.0,126080.0,4756819,21620870
2021-07-02,126300.0,128430.0,126080.0,128420.0,4022540,17271363
2021-07-05,128000.0,128235.0,127015.0,127700.0,3607328,14128714
2021-07-06,127525.0,127625.0,125300.0,125360.0,4660318,19925231
2021-07-07,125980.0,127745.0,125670.0,127395.0,4383205,19486281
2021-07-08,125680.0,126440.0,124725.0,125700.0,5006730,20676648
2021-07-12,126550.0,128500.0,126160.0,128500.0,3755903,17303921
2021-07-13,128175.0,128990.0,126820.0,128820.0,4577562,20670687
2021-07-14,128930.0,130140.0,128530.0,129000.0,4814009,21675259
2021-07-15,128570.0,129485.0,127305.0,128045.0,4767900,21129032
2021-07-16,128145.0,128530.0,126180.0,126455.0,4298524,18378380
2021-07-19,124750.0,125190.0,123660.0,125060.0,5378684,22219955
2021-07-20,125680.0,126060.0,123905.0,125580.0,5038200,21960209
2021-07-21,125750.0,126510.0,125530.0,126425.0,4339952,18448486
2021-07-22,126450.0,126820.0,125690.0,126575.0,3851995,17262828
2021-07-23,126900.0,126945.0,124685.0,124985.0,3564233,16028366
2021-07-26,125110.0,126580.0,125015.0,126215.0,3244259,15307632
2021-07-27,125865.0,125955.0,123945.0,124765.0,3976271,18246810
2021-07-28,125260.0,127060.0,125240.0,126305.0,4249564,19305780
2021-07-29,126415.0,127145.0,125140.0,125490.0,4139979,19291308
2021-07-30,124840.0,125245.0,121800.0,122340.0,4405471,20658210
2021-08-02,123695.0,124805.0,121985.0,123180.0,4704272,21173113
2021-08-03,123220.0,124020.0,120955.0,123230.0,5831482,22016279
2021-08-04,123230.0,123820.0,121135.0,122020.0,5874961,21535442
2021-08-05,123250.0,123800.0,120835.0,121100.0,5421221,20283425
2021-08-06,121520.0,123470.0,121100.0,123070.0,4630735,17005303
2021-08-09,122500.0,123790.0,122160.0,123015.0,4634214,18340996
2021-08-10,123285.0,123660.0,122150.0,122450.0,4872326,19298498
2021-08-11,122725.0,122900.0,120855.0,122130.0,5123495,20083892
2021-08-12,122390.0,122455.0,120370.0,120700.0,4812509,19088606
2021-08-13,120890.0,121335.0,119940.0,121195.0,5172695,19329100
2021-08-16,120550.0,120760.0,118700.0,119630.0,4898102,20537955
2021-08-17,119315.0,119340.0,116220.0,117150.0,6334671,26212646
2021-08-18,118890.0,119685.0,116470.0,116960.0,5836755,23094955
2021-08-19,115200.0,118415.0,114825.0,118040.0,6279816,24927564
2021-08-20,117280.0,119160.0,116425.0,118935.0,5178160,19632485
2021-08-23,119300.0,119595.0,117745.0,118060.0,5234321,20190189
2021-08-24,118910.0,121275.0,118880.0,121275.0,4424832,18753377
2021-08-25,121145.0,121590.0,119845.0,121390.0,4626070,18972946
2021-08-26,121050.0,121560.0,119030.0,119575.0,5069612,20805109
2021-08-27,119985.0,121400.0,119660.0,120850.0,3974375,16202875
2021-08-30,121120.0,121200.0,119900.0,120630.0,4091870,17298271
2021-08-31,120190.0,120795.0,118415.0,119200.0,5471402,21567043
2021-09-01,119400.0,120615.0,118625.0,119180.0,5144525,20338473
2021-09-02,119595.0,119735.0,116920.0,117160.0,5751495,22396327
2021-09-03,117665.0,118350.0,116085.0,116855.0,5236082,19873990
2021-09-06,117200.0,118585.0,116530.0,118370.0,3748279,14006225
2021-09-08,117150.0,117980.0,113570.0,113830.0,5985660,23855417
2021-09-09,114570.0,117245.0,112815.0,117080.0,7296918,25608553
2021-09-10,117250.0,118195.0,114400.0,114680.0,6454987,20727954
2021-09-13,115600.0,117585.0,115515.0,116680.0,6364696,20527849
2021-09-14,116300.0,117735.0,115980.0,116900.0,5917445,19757567
2021-09-15,116650.0,116980.0,115105.0,115600.0,5292597,17525589
2021-09-16,114845.0,115130.0,113705.0,114410.0,5527127,18006376
2021-09-17,113780.0,114145.0,111205.0,111205.0,5353155,18788141
2021-09-20,109205.0,110165.0,107800.0,109710.0,6609975,22258913
2021-09-21,110600.0,111190.0,109175.0,110240.0,6811765,22975214
2021-09-22,111500.0,113605.0,111500.0,112435.0,5758580,19808576
2021-09-23,112895.0,114640.0,112670.0,114010.0,5253213,17790865
2021-09-24,113265.0,113820.0,112655.0,113750.0,5188409,17461946
2021-09-27,114080.0,115115.0,112355.0,113400.0,5344975,20373769
2021-09-28,112555.0,113360.0,109980.0,110020.0,6276947,22428217
2021-09-29,110700.0,112195.0,110490.0,111140.0,6008221,21559767
2021-09-30,111650.0,112515.0,110460.0,110690.0,6262195,22560037
2021-10-01,111050.0,113150.0,110930.0,113120.0,5283108,19512943
2021-10-04,112300.0,112420.0,109900.0,110400.0,5707468,21195990
2021-10-05,111070.0,111815.0,110060.0,110300.0,6060619,21886869
2021-10-06,109290.0,110790.0,108120.0,110695.0,6662177,24490167
2021-10-07,111765.0,111765.0,110475.0,110980.0,5847255,20965640
2021-10-08,111345.0,114485.0,111245.0,113000.0,5292454,20354447
2021-10-11,113200.0,113960.0,112000.0,112100.0,5274503,18952546
2021-10-13,113370.0,115440.0,113145.0,114345.0,4902983,19190416
2021-10-14,115295.0,115530.0,113750.0,114655.0,4726244,17469374
2021-10-15,114870.0,115940.0,114110.0,115560.0,4039493,16365213
2021-10-18,115060.0,116060.0,113750.0,115290.0,4937005,18766110
2021-10-19,114890.0,114900.0,110880.0,112150.0,6454208,23257211
2021-10-20,112390.0,113135.0,109835.0,110070.0,6665669,23667581
2021-10-21,108580.0,110460.0,106595.0,108660.0,7336061,25473282
2021-10-22,107850.0,108865.0,103660.0,107000.0,8234388,26444600
2021-10-25,107905.0,110340.0,107255.0,109590.0,6432959,21379356
2021-10-26,109295.0,109305.0,107035.0,107500.0,6631945,22908215
2021-10-27,107400.0,109175.0,106885.0,107945.0,5856174,20262130
2021-10-28,107475.0,108190.0,104825.0,105470.0,6878855,22504620
2021-10-29,105855.0,107100.0,104110.0,104750.0,7127561,22265565
2021-11-01,105330.0,106930.0,105070.0,106000.0,6041869,19957874
2021-11-03,105365.0,107635.0,104830.0,107330.0,7364009,23446416
2021-11-04,107500.0,107525.0,103520.0,104030.0,6668076,21900062
2021-11-05,104600.0,106385.0,104000.0,105260.0,5785791,18499830
2021-11-08,104850.0,106475.0,104340.0,105595.0,6203154,19899104
2021-11-09,105840.0,107410.0,105455.0,106030.0,6631522,20805223
2021-11-10,105740.0,108070.0,105260.0,106940.0,6657785,21199739
2021-11-11,107550.0,109325.0,107460.0,108800.0,5847501,18603792
2021-11-12,108500.0,108675.0,106300.0,106940.0,6173331,19371992
2021-11-16,107210.0,107630.0,104610.0,105000.0,5986106,20060868
2021-11-17,104800.0,106165.0,102915.0,103700.0,6884508,21798650
2021-11-18,103800.0,104315.0,102515.0,103450.0,6514774,20922972
2021-11-19,103025.0,104495.0,102650.0,103600.0,5791421,18367110
2021-11-22,104310.0,105125.0,102400.0,102400.0,5915803,19749825
2021-11-23,102700.0,104560.0,102140.0,104500.0,7281831,23745698
2021-11-24,104000.0,105540.0,102805.0,104900.0,6341733,20858399
2021-11-25,104750.0,106875.0,104575.0,106435.0,5033077,16528755
2021-11-26,103100.0,104000.0,101770.0,102360.0,5928887,18817023
2021-11-29,103615.0,104515.0,102880.0,103320.0,6318981,22143364
2021-11-30,102350.0,103390.0,100390.0,102560.0,7251107,25347745
2021-12-01,103215.0,104435.0,100800.0,100800.0,7184488,24841580
2021-12-02,101580.0,104755.0,101505.0,104750.0,6571505,22997572
2021-12-03,104385.0,107130.0,103955.0,105650.0,7451620,24316471
2021-12-06,106160.0,107860.0,105790.0,107220.0,6752365,22374514
2021-12-07,108535.0,108985.0,107305.0,108000.0,6242909,20459255
2021-12-08,108470.0,108780.0,107480.0,108400.0,5493094,18670661
2021-12-09,107450.0,107680.0,105955.0,106410.0,5190815,18437385
2021-12-10,106850.0,108455.0,106850.0,108010.0,4566221,16578240
2021-12-13,108550.0,109625.0,107320.0,107820.0,4830215,17977715
2021-12-14,107340.0,109255.0,106440.0,106520.0,6041031,21596713
2021-12-15,108400.0,109145.0,107175.0,109075.0,5747854,19259075
2021-12-16,109830.0,110535.0,109140.0,109965.0,5482260,18670154
2021-12-17,109470.0,109500.0,107910.0,108495.0,5499659,18817623
2021-12-20,107200.0,107420.0,105685.0,106550.0,5588653,18497332
2021-12-21,107405.0,107580.0,106335.0,106640.0,4667303,16589166
2021-12-22,106550.0,107070.0,105645.0,106835.0,4347066,15387560
2021-12-23,107080.0,107245.0,105600.0,105600.0,3485855,13574050
2021-12-27,106100.0,106960.0,105935.0,106900.0,3503806,13215801
2021-12-28,107100.0,107165.0,105625.0,105960.0,3667839,13534152
2021-12-29,106100.0,106445.0,104905.0,104995.0,4135051,13634552
2021-12-30,105200.0,106490.0,105180.0,105865.0,4101090,12849042
2022-01-03,106395.0,107245.0,104360.0,104760.0,4876010,16558852
2022-01-04,105440.0,105785.0,104040.0,104435.0,5299069,17711170
2022-01-05,104570.0,104695.0,101580.0,101580.0,5872625,20679806
2022-01-06,101975.0,103180.0,101645.0,102600.0,6019648,19816776
2022-01-07,102385.0,103720.0,101855.0,103410.0,5308818,18728267
2022-01-10,102900.0,103405.0,101750.0,103315.0,5657825,20817377
2022-01-11,103400.0,104875.0,102565.0,104775.0,4979772,19154744
2022-01-12,104800.0,106740.0,104375.0,106740.0,5064136,19387371
2022-01-13,106300.0,107015.0,105650.0,106300.0,5829582,21190305
2022-01-14,106135.0,107985.0,105700.0,107985.0,5674912,20485106
2022-01-17,107660.0,107855.0,106715.0,107000.0,3843326,14107960
2022-01-18,106300.0,107745.0,106155.0,107530.0,5777585,22539010
2022-01-19,107530.0,109315.0,107510.0,108850.0,5355526,19929823
2022-01-20,109400.0,110515.0,108800.0,109850.0,5000271,18510736
2022-01-21,109500.0,110430.0,108890.0,109550.0,6856994,23576438
2022-01-24,108955.0,109350.0,107135.0,109015.0,8194163,27186985
2022-01-25,108475.0,111340.0,107625.0,110805.0,7029434,24670212
2022-01-26,111570.0,113270.0,111425.0,112080.0,7532199,25278224
2022-01-27,112110.0,113580.0,112100.0,112900.0,7206036,24713337
2022-01-28,112640.0,113480.0,111890.0,112440.0,6812879,22363720
2022-01-31,112470.0,113040.0,111575.0,112430.0,5643509,18306727
2022-02-01,112540.0,113795.0,112400.0,113745.0,5173131,17033707
2022-02-02,114000.0,114135.0,111765.0,112030.0,4814627,16549178
2022-02-03,111590.0,112745.0,111525.0,112490.0,6001672,20192892
2022-02-04,112000.0,112690.0,110535.0,112285.0,5538210,17602809
2022-02-07,112350.0,112640.0,111655.0,112320.0,5634333,18117001
2022-02-08,111900.0,112750.0,111050.0,112750.0,4840208,15908903
2022-02-09,113000.0,113360.0,111875.0,112395.0,5318717,17438058
2022-02-10,112500.0,113985.0,112245.0,113495.0,6164434,19512530
2022-02-11,113120.0,114990.0,113100.0,113800.0,6461530,20210442
2022-02-14,113000.0,114310.0,112880.0,113960.0,6096582,18490020
2022-02-15,114500.0,115135.0,113980.0,115135.0,4405551,13510925
2022-02-16,116255.0,117270.0,116255.0,116680.0,4118034,13658563
2022-02-17,116300.0,116630.0,114800.0,114900.0,4511191,14755035
2022-02-18,115355.0,115815.0,114060.0,114160.0,5174982,16688996
2022-02-21,114320.0,114840.0,112950.0,112950.0,3924414,12266322
2022-02-22,113650.0,114795.0,113585.0,114795.0,5563051,18498273
2022-02-23,114700.0,115110.0,112925.0,113010.0,5172629,17470422
2022-02-24,110500.0,112870.0,110050.0,112750.0,6864202,21701807
2022-02-25,112595.0,114495.0,111755.0,114250.0,5136669,16486518
2022-03-02,115250.0,116670.0,115125.0,116605.0,2508116,8399728
2022-03-03,116550.0,117155.0,116190.0,116610.0,4784862,15576760
2022-03-04,115795.0,116190.0,114545.0,115585.0,5042732,16046084
2022-03-07,115140.0,115630.0,111815.0,111815.0,5180746,17086533
2022-03-08,112720.0,113645.0,111995.0,112010.0,7044978,23234784
2022-03-09,113390.0,115130.0,112660.0,114790.0,5117818,17287476
2022-03-10,114150.0,114650.0,112775.0,114600.0,5472458,17734707
2022-03-11,115600.0,115740.0,112145.0,112900.0,5559408,17524831
2022-03-14,112750.0,113295.0,110505.0,110810.0,5754010,17838410
2022-03-15,110880.0,110945.0,108570.0,109690.0,5515695,18500232
2022-03-16,111255.0,112330.0,109850.0,112330.0,5559978,17934827
2022-03-17,112010.0,113990.0,111595.0,113820.0,5033102,16106524
2022-03-18,113110.0,116095.0,113060.0,115875.0,4032643,13769757
2022-03-21,115700.0,117145.0,115630.0,117095.0,4938908,15850094
2022-03-22,117205.0,118290.0,116925.0,118215.0,3942787,13789322
2022-03-23,117750.0,118935.0,117605.0,118220.0,4232480,14240332
2022-03-24,118390.0,120000.0,117760.0,119985.0,3737317,13108989
2022-03-25,119975.0,120345.0,119065.0,119780.0,4149993,13734144
2022-03-28,120000.0,120235.0,118565.0,119400.0,3902284,13104390
2022-03-29,120200.0,121385.0,119975.0,120375.0,4425842,15226540
2022-03-30,120110.0,121110.0,120095.0,120900.0,4130489,14471738
2022-03-31,120805.0,121330.0,120210.0,120485.0,3771382,13343446
2022-04-01,120800.0,122225.0,120785.0,122000.0,3543284,12754923
2022-04-04,122240.0,122300.0,121035.0,121530.0,3322845,11880114
2022-04-05,121445.0,121945.0,118800.0,119225.0,4599419,15967813
2022-04-06,118480.0,118860.0,116915.0,118205.0,5544941,17486655
2022-04-07,118560.0,119435.0,117535.0,118960.0,4930378,16193864
2022-04-08,119290.0,119290.0,117515.0,118330.0,4073151,14060413
2022-04-11,117725.0,117830.0,116750.0,116985.0,4335109,13711880
2022-04-12,117420.0,118590.0,116065.0,116530.0,4711375,13705994
2022-04-13,118820.0,119460.0,118295.0,118985.0,4189444,13436582
2022-04-14,118750.0,118865.0,117570.0,117900.0,4170971,13038163
2022-04-18,117735.0,118235.0,117095.0,117610.0,4359487,13117156
2022-04-19,117415.0,117460.0,116110.0,116950.0,4003236,13523234
2022-04-20,117395.0,117410.0,115715.0,115760.0,3985467,13198975
2022-04-22,114500.0,114640.0,112240.0,112890.0,4512402,14064818
2022-04-25,111335.0,112860.0,110825.0,112400.0,5275632,16888715
2022-04-26,112085.0,112100.0,109210.0,109235.0,4518914,14773063
2022-04-27,110505.0,111705.0,110390.0,111030.0,5554160,17083235
2022-04-28,112105.0,112270.0,110325.0,110905.0,4786035,15095229
2022-04-29,110840.0,113400.0,108425.0,109000.0,5262374,17738911
2022-05-02,108720.0,109500.0,106485.0,108100.0,5862673,17736369
2022-05-03,107950.0,108520.0,107315.0,107820.0,5605190,16638542
2022-05-04,107980.0,110025.0,106115.0,109920.0,5896387,18381408
2022-05-05,109060.0,109255.0,105065.0,106835.0,6366173,19810732
2022-05-06,106150.0,107530.0,105065.0,106330.0,6787680,18883233
2022-05-09,104790.0,105650.0,103925.0,104655.0,6101716,18120742
2022-05-10,105185.0,105290.0,103400.0,104360.0,6330688,18501826
2022-05-11,105275.0,106420.0,104075.0,105605.0,6530553,19466729
2022-05-12,104460.0,107025.0,104235.0,106950.0,6306130,18460762
2022-05-13,108065.0,108810.0,107100.0,107760.0,4605440,14205571
2022-05-16,107575.0,109800.0,107575.0,109300.0,5207957,15734347
2022-05-17,110310.0,110790.0,109225.0,110050.0,5112463,15685503
2022-05-18,109260.0,109855.0,106775.0,106965.0,5023433,16066159
2022-05-19,106580.0,108270.0,106500.0,107860.0,5642182,17205053
2022-05-20,108650.0,109685.0,108140.0,109410.0,5491129,16371402
2022-05-23,110050.0,111515.0,109840.0,111450.0,4668594,14498524
2022-05-24,110200.0,111530.0,109125.0,111365.0,5738760,17885196
2022-05-25,110815.0,111745.0,110275.0,110895.0,4748851,13938597
2022-05-26,111500.0,112790.0,110945.0,112640.0,3773924,12045858
2022-05-27,112300.0,113080.0,111960.0,112470.0,4009179,12361603
2022-05-30,113215.0,113680.0,111005.0,111005.0,3260464,10255956
2022-05-31,111290.0,112465.0,111140.0,111800.0,5297569,16710064
2022-06-01,112175.0,112440.0,111170.0,111885.0,4880815,15298031
2022-06-02,112200.0,113210.0,111525.0,112865.0,4392298,14091324
2022-06-03,112230.0,112395.0,111235.0,111750.0,4661129,14449880
2022-06-06,112565.0,112735.0,110255.0,110690.0,4251168,13947475
2022-06-07,110190.0,110710.0,109620.0,110350.0,4672190,14861621
2022-06-08,110125.0,110375.0,108215.0,108860.0,4795676,15908196
2022-06-09,109175.0,109445.0,107160.0,107705.0,5589604,17494310
2022-06-10,107850.0,108030.0,104685.0,105450.0,5880931,17349347
2022-06-13,103600.0,104045.0,101760.0,102800.0,6132037,18535975
2022-06-14,103000.0,103400.0,101290.0,102070.0,6083851,18569295
2022-06-15,104865.0,106140.0,103920.0,105140.0,5922166,17702752
2022-06-17,103070.0,103380.0,100315.0,101335.0,6058906,18129940
2022-06-20,101455.0,102290.0,100175.0,101750.0,4748000,13805102
2022-06-21,102500.0,102880.0,100845.0,102290.0,5564249,17508521
2022-06-22,100350.0,102190.0,99770.0,100810.0,5503404,16721660
2022-06-23,101485.0,102015.0,99200.0,99200.0,5770902,17987081
2022-06-24,100000.0,101040.0,99560.0,100600.0,4837680,15306640
2022-06-27,101100.0,102945.0,100675.0,102945.0,4979115,15409637
2022-06-28,103410.0,103895.0,101470.0,102110.0,5631614,17541780
2022-06-29,102120.0,103190.0,100665.0,101150.0,5772818,18561994
2022-06-30,100075.0,100700.0,99075.0,99300.0,6560168,19200777
2022-07-01,99235.0,100730.0,98560.0,100710.0,5769368,17892722
2022-07-04,100190.0,100730.0,99500.0,99500.0,4094686,12425412
2022-07-05,99130.0,99740.0,97740.0,99500.0,6024474,18948794
2022-07-06,99135.0,100440.0,98625.0,99955.0,5901920,18435911
2022-07-07,100740.0,102775.0,100675.0,102430.0,4008725,13491722
2022-07-08,102050.0,102815.0,101125.0,101415.0,5241467,15514990
2022-07-11,100530.0,100720.0,98945.0,99185.0,5060662,16296999
2022-07-12,98735.0,99830.0,98280.0,99695.0,5036672,16312654
2022-07-13,99705.0,100020.0,98355.0,98670.0,5816094,18006112
2022-07-14,97835.0,98120.0,96435.0,96850.0,4740948,15588065
2022-07-15,97155.0,97975.0,96155.0,97565.0,4351552,13768328
2022-07-18,98650.0,99265.0,97515.0,97555.0,4559335,14076657
2022-07-19,98180.0,99540.0,97905.0,99365.0,4510928,14664978
2022-07-20,98900.0,99245.0,98080.0,98770.0,4620730,14483678
2022-07-21,98615.0,99890.0,97795.0,99840.0,4532311,14688329
2022-07-22,100050.0,100485.0,99045.0,99955.0,4201501,13754854
2022-07-25,100415.0,101265.0,100300.0,101080.0,4002629,12802884
2022-07-26,100955.0,101440.0,100015.0,100500.0,3973047,13667366
2022-07-27,101025.0,102550.0,100615.0,102550.0,4022231,12703946
2022-07-28,102245.0,103600.0,101640.0,103500.0,4113246,13404154
2022-07-29,103790.0,104655.0,103165.0,103560.0,4338273,13699146
2022-08-01,103825.0,103900.0,102260.0,102825.0,4583551,14501812
2022-08-02,102250.0,104240.0,102095.0,104240.0,5534117,17470396
2022-08-03,104200.0,104485.0,103225.0,104425.0,4414027,13783845
2022-08-04,104265.0,107220.0,104170.0,106905.0,4329587,14524226
2022-08-05,106735.0,107625.0,105870.0,106710.0,4781066,14885059
2022-08-08,107250.0,109290.0,107155.0,109290.0,4774817,14796303
2022-08-09,109100.0,109590.0,108120.0,109085.0,5078450,15839325
2022-08-10,109000.0,110885.0,108925.0,110525.0,4901871,14493354
2022-08-11,110800.0,111765.0,109715.0,110300.0,5239445,15961884
2022-08-12,110285.0,112910.0,110280.0,112710.0,4539140,13693029
2022-08-15,111500.0,113330.0,110815.0,113215.0,4349286,13995989
2022-08-16,113050.0,113890.0,112690.0,113785.0,5082275,15685098
2022-08-17,114945.0,116250.0,114290.0,115490.0,4417923,13991783
2022-08-18,115785.0,116445.0,115295.0,116100.0,4359525,13972859
2022-08-19,114980.0,115270.0,112830.0,112850.0,4402271,14275831
2022-08-22,112150.0,112800.0,111715.0,112390.0,4853152,15020816
2022-08-23,113060.0,114940.0,112460.0,114825.0,4012301,12990237
2022-08-24,114775.0,115670.0,114275.0,114785.0,4619138,15118660
2022-08-25,115520.0,115810.0,114455.0,115160.0,4418144,13839469
2022-08-26,114855.0,115850.0,113575.0,114145.0,4988427,15980989
2022-08-29,113420.0,114920.0,113130.0,114220.0,4219390,13433639
2022-08-30,114395.0,114540.0,111660.0,111685.0,5072881,16682466
2022-08-31,111865.0,112935.0,111020.0,111700.0,5961739,17837715
2022-09-01,111250.0,112125.0,109620.0,111885.0,5920249,18388161
2022-09-02,111690.0,113805.0,111435.0,112350.0,5609090,16767879
2022-09-05,112215.0,114050.0,112175.0,113580.0,3775485,11032336
2022-09-06,113350.0,113375.0,110580.0,110605.0,5824598,18117889
2022-09-08,111745.0,112055.0,109770.0,111010.0,6880681,20448069
2022-09-09,112100.0,113775.0,111985.0,113550.0,4555120,13386006
2022-09-12,114230.0,115395.0,113875.0,114600.0,4477910,13615341
2022-09-13,115150.0,115365.0,111540.0,111770.0,5758573,17477204
2022-09-14,111620.0,112550.0,111075.0,111860.0,5818284,17668725
2022-09-15,111460.0,112150.0,110430.0,110610.0,5694057,17607507
2022-09-16,110110.0,110460.0,109420.0,110400.0,5499234,16942226
2022-09-19,109165.0,113500.0,108980.0,113460.0,5222161,17020201
2022-09-20,112900.0,113670.0,112165.0,113410.0,5657891,16962461
2022-09-21,113600.0,114180.0,112035.0,112600.0,6354351,18649430
2022-09-22,113480.0,115210.0,112515.0,114670.0,5869271,17777379
2022-09-23,113200.0,113370.0,111320.0,112240.0,5975096,18074776
2022-09-26,111525.0,111815.0,109075.0,109130.0,6654778,20210246
2022-09-27,110350.0,111585.0,108630.0,109135.0,6476331,19519422
2022-09-28,108135.0,109495.0,108030.0,108670.0,6017865,18278393
2022-09-29,108320.0,108645.0,106530.0,108115.0,5791308,17329191
2022-09-30,108500.0,110960.0,107500.0,110900.0,5538268,17823347
2022-10-03,114355.0,117130.0,113605.0,116970.0,5556097,16697680
2022-10-04,118060.0,118840.0,116100.0,116910.0,5949687,18258776
2022-10-05,116080.0,117935.0,115875.0,117800.0,5447227,16306161
2022-10-06,117310.0,118700.0,117170.0,117300.0,4971550,16111585
2022-10-07,117550.0,118190.0,116050.0,117250.0,5064589,15814014
2022-10-10,116960.0,117400.0,115375.0,116100.0,4786071,14996547
2022-10-11,115410.0,116010.0,114315.0,114650.0,5352160,17214709
2022-10-13,117550.0,118080.0,114810.0,116030.0,4822329,16040772
2022-10-14,116525.0,116930.0,113675.0,113830.0,5736485,18507262
2022-10-17,115000.0,116515.0,114425.0,115910.0,4411290,14634374
2022-10-18,116945.0,118260.0,116205.0,118150.0,5097636,17472209
2022-10-19,117500.0,118565.0,117140.0,118255.0,4997962,17294033
2022-10-20,118860.0,119680.0,118465.0,118950.0,4747125,16408458
2022-10-21,118385.0,122825.0,118280.0,122370.0,5298892,18242966
2022-10-24,121825.0,121835.0,117665.0,118050.0,5532580,18379891
2022-10-25,118020.0,118675.0,116040.0,116150.0,4840419,15505516
2022-10-26,116395.0,116830.0,114195.0,115250.0,5427638,16708509
2022-10-27,114900.0,118215.0,114300.0,115615.0,6558534,19940742
2022-10-28,114465.0,117100.0,114415.0,117045.0,5563981,17010122
2022-10-31,113000.0,118450.0,112500.0,117440.0,6733693,20372783
2022-11-01,118105.0,119920.0,116985.0,117410.0,6858584,18258371
2022-11-03,115865.0,118970.0,115490.0,118465.0,5103032,14582363
2022-11-04,120115.0,121605.0,118900.0,119270.0,6196651,17607021
2022-11-07,120045.0,120280.0,116370.0,116680.0,5659514,16208446
2022-11-08,116740.0,118590.0,115220.0,117855.0,6100667,18152547
2022-11-09,116900.0,117425.0,114255.0,114855.0,5705993,16602484
2022-11-10,114155.0,114155.0,109530.0,111060.0,6883614,17505701
2022-11-11,111985.0,114265.0,110175.0,113635.0,6518064,17250362
2022-11-14,113155.0,115460.0,112760.0,114220.0,6077367,16628301
2022-11-16,113655.0,114320.0,110340.0,110500.0,6539019,18565838
2022-11-17,109155.0,110610.0,108105.0,109950.0,6738960,18329180
2022-11-18,111410.0,112485.0,109270.0,109590.0,6092593,16880459
2022-11-21,109580.0,111110.0,108715.0,110880.0,6021950,17089122
2022-11-22,110500.0,111425.0,108560.0,109570.0,6253343,17709660
2022-11-23,109965.0,110175.0,108540.0,109120.0,5885871,17890879
2022-11-24,110380.0,113425.0,110055.0,112960.0,4639925,13410075
2022-11-25,112280.0,113035.0,109110.0,109320.0,5029593,15003982
2022-11-28,108550.0,110075.0,107915.0,109370.0,4763686,14206681
2022-11-29,110150.0,112835.0,109755.0,111620.0,5101411,15625517
2022-11-30,112000.0,113050.0,110600.0,113050.0,6308049,18108492
2022-12-01,112500.0,112690.0,110905.0,111575.0,5349571,15646598
2022-12-02,111500.0,114200.0,110225.0,112235.0,5257654,15637604
2022-12-05,112815.0,112840.0,109480.0,109480.0,5074288,15074064
2022-12-06,109770.0,110925.0,109405.0,110665.0,5676920,17026052
2022-12-07,109770.0,110440.0,108760.0,109640.0,5847850,17863163
2022-12-08,109440.0,109745.0,106980.0,107170.0,5468530,16930031
2022-12-09,107880.0,108710.0,107135.0,107780.0,4313044,12570881
2022-12-12,107895.0,107895.0,103765.0,104765.0,5426209,17063860
2022-12-13,104980.0,107000.0,103095.0,103615.0,6287628,17695438
2022-12-14,105140.0,106525.0,103635.0,105660.0,6490437,18204807
2022-12-15,105030.0,107630.0,104700.0,105850.0,5572051,16421200
2022-12-16,105120.0,106010.0,104110.0,104710.0,5165173,14950873
2022-12-19,105000.0,107045.0,104195.0,106785.0,5293927,15461578
2022-12-20,106705.0,109785.0,106160.0,109330.0,5928190,18182550
2022-12-21,109710.0,109810.0,107760.0,109350.0,5846803,16868351
2022-12-22,109000.0,110220.0,108190.0,109390.0,5633980,15865199
2022-12-23,109560.0,111825.0,109285.0,111430.0,4790019,13358229
2022-12-26,111240.0,111775.0,109940.0,110520.0,3638709,8992271
2022-12-27,111175.0,111370.0,108945.0,110090.0,4635681,13887025
2022-12-28,110380.0,112290.0,110200.0,112235.0,4923860,14242720
2022-12-29,112080.0,112850.0,110880.0,111035.0,4885512,13112319
2023-01-02,110400.0,110585.0,107265.0,107400.0,3693779,9744726
2023-01-03,107950.0,108045.0,104970.0,105000.0,6065199,17976363
2023-01-04,105550.0,107070.0,105150.0,106870.0,6099626,17838858
2023-01-05,107280.0,109270.0,106650.0,109200.0,4833778,15118245
2023-01-06,109050.0,110815.0,108845.0,110600.0,4798711,14441947
2023-01-09,109335.0,111295.0,108800.0,110210.0,5347317,15790674
2023-01-10,109750.0,112495.0,109375.0,111890.0,5189462,16098897
2023-01-11,111950.0,114190.0,111755.0,113990.0,5119860,15909061
2023-01-12,113200.0,114070.0,111695.0,112990.0,6171835,17492311
2023-01-13,112630.0,112895.0,111405.0,111990.0,4693641,14183405
2023-01-16,111100.0,111640.0,109705.0,109955.0,4209913,12232273
2023-01-17,110000.0,112660.0,109940.0,112520.0,4496045,13882976
2023-01-18,112920.0,114340.0,112825.0,113000.0,5568288,16813902
2023-01-19,111750.0,114170.0,111505.0,113515.0,5188598,15160695
2023-01-20,113880.0,114010.0,112545.0,113060.0,4673266,14209677
2023-01-23,113200.0,113880.0,112275.0,112360.0,5297973,15640149
2023-01-24,112065.0,114000.0,111870.0,113900.0,4657975,14663336
2023-01-25,113475.0,115295.0,112585.0,115295.0,5013284,15036050
2023-01-26,115045.0,115585.0,114270.0,114635.0,4848234,14746993
2023-01-27,114830.0,115070.0,112625.0,112860.0,4329589,13109051
2023-01-30,112610.0,113625.0,112375.0,113065.0,4761688,14189405
2023-01-31,112655.0,114265.0,112490.0,113980.0,4225828,12469633
2023-02-01,113860.0,114110.0,111155.0,112730.0,5702722,17043342
2023-02-02,112100.0,113445.0,110100.0,110365.0,5657732,16979105
2023-02-03,109850.0,110965.0,108465.0,108830.0,5546223,16215167
2023-02-06,108350.0,109260.0,107700.0,109000.0,5640774,16946275
2023-02-07,109355.0,109695.0,107435.0,108100.0,6275768,17886094
2023-02-08,108500.0,110485.0,108450.0,110440.0,5662911,17195149
2023-02-09,110845.0,110870.0,107920.0,108095.0,5544106,16758313
2023-02-10,107650.0,108800.0,107120.0,108055.0,4746396,14796647
2023-02-13,108175.0,109350.0,107470.0,109150.0,4398434,13851609
2023-02-14,109350.0,109745.0,107550.0,107770.0,5436867,17047085
2023-02-15,109800.0,112100.0,109005.0,111465.0,4310567,14381335
2023-02-16,111540.0,112255.0,110075.0,112185.0,5191056,17201412
2023-02-17,111245.0,111635.0,110675.0,110695.0,4494864,14225643
2023-02-22,109885.0,109915.0,108275.0,108495.0,2595346,8540645
2023-02-23,109110.0,110365.0,108210.0,109175.0,4481678,15333457
2023-02-24,108600.0,109100.0,106805.0,107490.0,4019311,13928486
2023-02-27,107955.0,108045.0,106660.0,106925.0,4982847,15920129
2023-02-28,107100.0,108265.0,105720.0,105745.0,5314185,16660414
2023-03-01,106360.0,106695.0,104375.0,105800.0,5480447,17892234
2023-03-02,106110.0,106260.0,104430.0,104500.0,5245902,17072464
2023-03-03,104820.0,105775.0,104555.0,104940.0,4413802,15105975
2023-03-06,104800.0,106450.0,104310.0,105980.0,4567796,15432070
2023-03-07,106055.0,106350.0,104615.0,105595.0,4892674,15858663
2023-03-08,105740.0,108000.0,105425.0,108000.0,4461355,15261906
2023-03-09,107650.0,107970.0,105850.0,105905.0,5200056,17764412
2023-03-10,106025.0,106150.0,104155.0,104750.0,5785627,18512735
2023-03-13,104550.0,104925.0,103135.0,104230.0,6542440,20134542
2023-03-14,104650.0,105145.0,103385.0,103940.0,5371469,17180957
2023-03-15,102700.0,103935.0,101485.0,103650.0,6038551,18632052
2023-03-16,103590.0,104775.0,103220.0,104380.0,4939052,15435230
2023-03-17,104275.0,104335.0,102335.0,102630.0,3773339,12877842
2023-03-20,102760.0,103080.0,101315.0,101640.0,4227614,14293302
2023-03-21,102430.0,102500.0,101535.0,101840.0,3658877,12275153
2023-03-22,101750.0,102650.0,100675.0,100675.0,4616795,15030610
2023-03-23,100755.0,101780.0,97440.0,97555.0,5052370,16692623
2023-03-24,97350.0,99870.0,97250.0,99540.0,4554369,15650145
2023-03-27,99955.0,100525.0,99525.0,100400.0,3965708,12768793
2023-03-28,100100.0,102065.0,99770.0,101900.0,3618676,12568928
2023-03-29,102250.0,102675.0,100560.0,102385.0,4571873,15447270
2023-03-30,103680.0,104535.0,103030.0,104450.0,4474999,14229652
2023-03-31,104000.0,104675.0,101670.0,101895.0,4701663,15450971
2023-04-03,102240.0,102500.0,100860.0,101780.0,4187748,14284286
2023-04-04,102185.0,103320.0,101780.0,102305.0,4264795,14901985
2023-04-05,102155.0,102355.0,100055.0,100880.0,4798220,16719091
2023-04-06,101000.0,101720.0,100505.0,101330.0,3924166,13045537
2023-04-10,101130.0,102350.0,100845.0,102115.0,3629218,12514558
2023-04-11,102500.0,106910.0,102440.0,106670.0,5000842,16568733
2023-04-12,108505.0,110480.0,108185.0,108900.0,4935319,15630331
2023-04-13,109000.0,109400.0,108215.0,108350.0,4349592,13913833
2023-04-14,108250.0,108935.0,106765.0,108800.0,4579704,14758874
2023-04-17,108880.0,108900.0,107545.0,107930.0,4047927,13810002
2023-04-18,108420.0,109375.0,106925.0,107800.0,4332404,15351955
2023-04-19,106930.0,107150.0,105315.0,105850.0,4294149,14322098
2023-04-20,105500.0,106420.0,104735.0,106140.0,4209709,14189001
2023-04-24,105650.0,106585.0,104855.0,105785.0,3874315,13057161
2023-04-25,105375.0,105510.0,104175.0,105510.0,4201727,13933826
2023-04-26,105165.0,105865.0,103750.0,104220.0,3784543,13017439
2023-04-27,104455.0,104700.0,103425.0,104455.0,4052723,13468748
2023-04-28,104200.0,105970.0,103875.0,105250.0,4042407,13801594
2023-05-02,105175.0,105575.0,102900.0,102900.0,4030371,13743189
2023-05-03,103190.0,103765.0,102725.0,103100.0,4681151,15510378
2023-05-04,103150.0,104800.0,102320.0,104355.0,4892992,16924831
2023-05-05,104100.0,106945.0,103755.0,106580.0,4524454,15330440
2023-05-08,107100.0,108035.0,106545.0,107020.0,4406173,15217819
2023-05-09,106800.0,109055.0,106570.0,108700.0,4086456,14687061
2023-05-10,108250.0,109000.0,107590.0,108885.0,4200631,14443038
2023-05-11,108315.0,109930.0,107465.0,109300.0,4251375,15446774
2023-05-12,109300.0,109900.0,108435.0,109650.0,3863370,13534981
2023-05-15,110100.0,110375.0,109345.0,110125.0,3769771,12777001
2023-05-16,109850.0,111250.0,108770.0,109050.0,4311556,16042390
2023-05-17,109400.0,110815.0,109150.0,110695.0,4407238,15416756
2023-05-18,110450.0,111270.0,109550.0,111140.0,4193331,15174470
2023-05-19,111080.0,112125.0,110585.0,111450.0,4042417,14900013
2023-05-22,111250.0,112550.0,110835.0,111255.0,4261090,14547005
2023-05-23,110870.0,112150.0,110430.0,111095.0,4536631,16519457
2023-05-24,110665.0,111075.0,109160.0,109930.0,4097909,14801225
2023-05-25,110295.0,111880.0,110200.0,110655.0,4753324,16370477
2023-05-26,111300.0,112405.0,110390.0,111520.0,4553316,16279227
2023-05-29,111800.0,111925.0,110650.0,110865.0,3360166,10825378
2023-05-30,111175.0,111980.0,109055.0,109320.0,4480114,15427355
2023-05-31,108930.0,109665.0,108675.0,108805.0,4376808,15347464
2023-06-01,109540.0,111580.0,108715.0,111575.0,4488606,15686602
2023-06-02,111880.0,113475.0,111805.0,113200.0,3986416,13826100
2023-06-05,112950.0,113500.0,112005.0,113030.0,3616308,12665261
2023-06-06,112815.0,115300.0,112800.0,115300.0,4366288,15390964
2023-06-07,115600.0,116270.0,114870.0,116085.0,4334426,15008118
2023-06-09,116360.0,117840.0,116340.0,117145.0,3719652,13063160
2023-06-12,117450.0,118040.0,116815.0,117790.0,3886065,13591159
2023-06-13,117950.0,118215.0,116425.0,117180.0,4239357,14367994
2023-06-14,119900.0,121750.0,119645.0,121330.0,5192112,17215006
2023-06-15,120850.0,122255.0,120830.0,121855.0,4286436,13814088
2023-06-16,121850.0,122065.0,120760.0,121075.0,3871377,12869350
2023-06-19,121040.0,122485.0,120830.0,122480.0,3587375,11349542
2023-06-20,122060.0,122100.0,120720.0,122000.0,4367298,14182522
2023-06-21,121950.0,122870.0,121540.0,122725.0,4389027,14287683
2023-06-22,121795.0,122315.0,120180.0,121510.0,4758105,15482262
2023-06-23,120900.0,121595.0,120310.0,121215.0,4436676,14583918
2023-06-26,120960.0,121155.0,119500.0,119950.0,4169485,13721650
2023-06-27,120635.0,121400.0,118545.0,119435.0,5066896,16345959
2023-06-28,119650.0,119950.0,118450.0,118570.0,4863165,15761490
2023-06-29,119115.0,120780.0,118375.0,120765.0,4403091,14288774
2023-06-30,120860.0,121550.0,119450.0,119500.0,4782638,15515856
2023-07-03,119985.0,121740.0,119900.0,121640.0,3956509,12620448
2023-07-04,121440.0,121590.0,120485.0,120895.0,3891204,12410101
2023-07-05,120370.0,121985.0,119730.0,121170.0,4863739,16184123
2023-07-06,121000.0,121005.0,118650.0,119150.0,4938673,15972795
2023-07-07,119585.0,121215.0,119200.0,120120.0,4519976,14590542
2023-07-10,119930.0,120300.0,119015.0,119105.0,4338599,14310644
2023-07-11,119720.0,119800.0,117030.0,119200.0,4780985,15833158
2023-07-12,119505.0,120475.0,118675.0,118800.0,4970803,15322576
2023-07-13,119395.0,121175.0,119310.0,120470.0,4462984,13609089
2023-07-14,120730.0,120965.0,118760.0,118960.0,4401857,14033918
2023-07-17,118700.0,119695.0,117810.0,119575.0,4382025,13920375
2023-07-18,119500.0,119960.0,118400.0,118970.0,5039285,16268282
2023-07-19,119150.0,119260.0,117685.0,118650.0,4769444,15535172
2023-07-20,118950.0,119485.0,118440.0,119345.0,4580979,14877581
2023-07-21,119100.0,121530.0,118835.0,121530.0,4617765,15659452
2023-07-24,121220.0,122810.0,121000.0,122715.0,4743761,15133963
2023-07-25,123155.0,124260.0,122755.0,122850.0,4595873,14915737
2023-07-26,122650.0,123695.0,122220.0,123175.0,4899263,15237917
2023-07-27,123655.0,123875.0,120090.0,120220.0,4856026,16048917
2023-07-28,120810.0,121765.0,120405.0,120720.0,4107036,13364643
2023-07-31,121390.0,122875.0,121205.0,122655.0,4137386,13541002
2023-08-01,122225.0,122240.0,120725.0,121620.0,4689718,15957846
2023-08-02,121030.0,121850.0,120265.0,121145.0,4940114,16571610
2023-08-03,122240.0,123165.0,120600.0,120705.0,5771784,19282399
2023-08-04,120680.0,121935.0,119540.0,119880.0,5879826,20179400
2023-08-07,120160.0,120495.0,119230.0,119530.0,4803999,15450774
2023-08-08,118675.0,119885.0,117615.0,119250.0,5147964,16655418
2023-08-09,119740.0,119740.0,118095.0,118620.0,5070931,17351600
2023-08-10,119100.0,119695.0,118090.0,118090.0,4912495,16501203
2023-08-11,118350.0,119260.0,117550.0,118290.0,4792807,16541002
2023-08-14,118170.0,118230.0,116645.0,116710.0,4704275,15891574
2023-08-15,116070.0,117700.0,115665.0,115765.0,5276749,17743934
2023-08-16,118440.0,119660.0,117555.0,117820.0,4876586,16616968
2023-08-17,118560.0,118860.0,116985.0,117250.0,4845278,16523833
2023-08-18,116990.0,117900.0,116585.0,117265.0,4719604,16108385
2023-08-21,117845.0,117855.0,116100.0,116120.0,4712619,16153061
2023-08-22,116800.0,118390.0,116600.0,118340.0,4521408,15736979
2023-08-23,118810.0,120500.0,118260.0,120440.0,4030587,14214609
2023-08-24,120095.0,120200.0,118720.0,119120.0,4349017,15506031
2023-08-25,119025.0,119210.0,117250.0,117700.0,5077880,16398061
2023-08-28,117995.0,119185.0,117560.0,119040.0,4506074,15257407
2023-08-29,118920.0,120360.0,118825.0,120075.0,4306027,14375830
2023-08-30,119915.0,120595.0,119090.0,119230.0,4251834,14029812
2023-08-31,119300.0,119575.0,117380.0,117740.0,4558889,15253913
2023-09-01,118400.0,119615.0,117800.0,119065.0,4106971,13165812
2023-09-04,119300.0,120135.0,119045.0,119435.0,3611824,11184567
2023-09-05,119055.0,119475.0,118065.0,119050.0,4897968,16674442
2023-09-06,118900.0,119400.0,117240.0,117360.0,4558333,15765456
2023-09-08,116320.0,116965.0,116030.0,116600.0,3667426,12422429
2023-09-11,117415.0,118545.0,116945.0,118540.0,4271752,14975492
2023-09-12,118540.0,119490.0,118290.0,119035.0,4178590,14879510
2023-09-13,118955.0,120655.0,118760.0,119495.0,4489960,15662265
2023-09-14,120100.0,120945.0,119920.0,120380.0,4329638,15363893
2023-09-15,120750.0,120980.0,119755.0,119985.0,3904531,14137207
2023-09-18,119750.0,120585.0,119160.0,119590.0,4110542,14702164
2023-09-19,119680.0,119715.0,118620.0,118850.0,4471861,16706060
2023-09-20,119035.0,120700.0,118970.0,119530.0,4528975,17011184
2023-09-21,118700.0,118715.0,116805.0,116885.0,5006705,17787193
2023-09-22,117460.0,117995.0,116635.0,117110.0,4120142,15385027
2023-09-25,116400.0,117130.0,116175.0,117005.0,3775526,13538750
2023-09-26,116550.0,116745.0,114685.0,114805.0,4535078,17016650
2023-09-27,115400.0,115995.0,113985.0,114970.0,4701260,17250284
2023-09-28,115000.0,116620.0,114695.0,116570.0,5021479,17370812
2023-09-29,116965.0,117730.0,116410.0,117225.0,4602605,16242065
2023-10-02,117000.0,117295.0,115230.0,115580.0,4455364,16238939
2023-10-03,115000.0,115525.0,113555.0,113620.0,5242429,18887900
2023-10-04,114290.0,114580.0,113420.0,113780.0,4968254,17412423
2023-10-05,114000.0,114720.0,113030.0,113750.0,4767676,16691112
2023-10-06,113800.0,114795.0,111860.0,114700.0,6020766,20323637
2023-10-09,113620.0,115695.0,113440.0,115690.0,4726676,16853526
2023-10-10,115900.0,117180.0,115745.0,116760.0,4435123,15981873
2023-10-11,117295.0,117695.0,116385.0,117405.0,4517606,16081999
2023-10-13,116300.0,117185.0,115685.0,115875.0,4634014,16105059
2023-10-16,116400.0,117035.0,116095.0,116420.0,4561649,15965669
2023-10-17,116140.0,116970.0,115560.0,115720.0,4874186,17538195
2023-10-18,117150.0,117400.0,115700.0,115750.0,4808053,17778174
2023-10-19,115650.0,116920.0,115555.0,115675.0,5777609,20984495
2023-10-20,115470.0,115825.0,114190.0,114770.0,5089468,19331478
2023-10-23,114290.0,115375.0,113785.0,114615.0,5266535,18819558
2023-10-24,115395.0,115860.0,114355.0,115450.0,5533532,19966545
2023-10-25,115400.0,115695.0,114180.0,114310.0,5227366,18272696
2023-10-26,113820.0,116755.0,113680.0,116720.0,5941031,20297000
2023-10-27,116665.0,116860.0,114340.0,114960.0,5660851,20495892
2023-10-30,115550.0,115910.0,113600.0,113800.0,5120808,18556407
2023-10-31,114250.0,114980.0,113415.0,114670.0,5463260,19838003
2023-11-01,114530.0,116905.0,114220.0,116905.0,5526831,19604556
2023-11-03,117765.0,119875.0,117715.0,119785.0,4579069,16556260
2023-11-06,119650.0,120125.0,119290.0,119860.0,4336961,16071165
2023-11-07,119350.0,120875.0,118995.0,120445.0,4582263,17359528
2023-11-08,120210.0,121240.0,119665.0,120355.0,4798574,18560944
2023-11-09,120545.0,121465.0,119525.0,120295.0,5198184,19897899
2023-11-10,120545.0,122010.0,120310.0,121850.0,4540285,16495042
2023-11-13,121555.0,121660.0,120865.0,121615.0,4045251,15403370
2023-11-14,121575.0,124790.0,121550.0,124615.0,4370829,15513570
2023-11-16,124475.0,125830.0,124125.0,125830.0,4779619,17572742
2023-11-17,125835.0,126440.0,125465.0,125895.0,4168249,14846870
2023-11-20,126165.0,127115.0,125845.0,127100.0,3773003,13700890
2023-11-21,126790.0,126990.0,125870.0,126525.0,4294576,15725957
2023-11-22,126620.0,127730.0,126245.0,126855.0,4731220,17252696
2023-11-23,126600.0,127545.0,126390.0,127495.0,2765295,9646998
2023-11-24,127350.0,127360.0,126040.0,126340.0,3428915,12444093
2023-11-27,126095.0,126645.0,125485.0,126480.0,4189995,15239549
2023-11-28,126115.0,127525.0,125960.0,127200.0,4083025,15741785
2023-11-29,127400.0,127885.0,126465.0,126695.0,4029889,15919642
2023-11-30,127000.0,127965.0,126625.0,127815.0,4017501,15156871
2023-12-01,128090.0,128650.0,127070.0,128465.0,4347495,15748826
2023-12-04,127935.0,128195.0,127010.0,127310.0,3992914,14238413
2023-12-05,127100.0,127860.0,126780.0,127100.0,4845900,17622156
2023-12-06,127495.0,127880.0,125735.0,125735.0,4480112,16200051
2023-12-07,125935.0,126835.0,125755.0,126295.0,4188123,15447826
2023-12-08,126415.0,127495.0,125670.0,127240.0,4731228,17179789
2023-12-11,127125.0,127300.0,126565.0,127165.0,3787664,14751038
2023-12-12,127410.0,127590.0,126010.0,126525.0,3707376,13090538
2023-12-13,128690.0,132325.0,128315.0,132210.0,4507385,16447814
2023-12-14,132625.0,133350.0,132405.0,132910.0,4003439,14690348
2023-12-15,133100.0,133760.0,131930.0,132320.0,3744140,13354481
2023-12-18,132450.0,133495.0,132445.0,133115.0,3153119,11574534
2023-12-19,133150.0,134045.0,133010.0,133990.0,3413269,13178485
2023-12-20,133610.0,134325.0,132530.0,132730.0,4118613,15047630
2023-12-21,133375.0,134240.0,133270.0,134240.0,4016533,13939621
2023-12-22,134100.0,134920.0,133910.0,134495.0,3174815,12202311
2023-12-26,134760.0,135550.0,134520.0,135480.0,2378748,8306871
2023-12-27,135400.0,136100.0,135070.0,136070.0,2760075,10458214
2023-12-28,135780.0,136085.0,135425.0,135850.0,2784718,10267608
2024-01-02,135250.0,135350.0,133550.0,134230.0,3568454,13305027
2024-01-03,133925.0,135150.0,133620.0,134600.0,4107990,15073372
2024-01-04,134650.0,134715.0,132390.0,132530.0,3906477,15293579
2024-01-05,132310.0,134040.0,131840.0,133520.0,4426059,16306184
2024-01-08,132840.0,134050.0,132305.0,134050.0,4084867,14758201
2024-01-09,133490.0,133495.0,132360.0,132560.0,4214360,15576365
2024-01-10,132700.0,133060.0,131595.0,131910.0,3953211,14660612
2024-01-11,132050.0,132430.0,130950.0,131730.0,5004226,16728166
2024-01-12,131580.0,133040.0,131380.0,132005.0,3877112,13949687
2024-01-15,131695.0,132830.0,131260.0,132665.0,2873633,11028652
2024-01-16,131945.0,132010.0,130015.0,130070.0,4608517,17370760
2024-01-17,129600.0,130165.0,128980.0,129170.0,4040349,14884381
2024-01-18,129730.0,130200.0,128040.0,128050.0,3975775,15638453
2024-01-19,128690.0,128890.0,127295.0,128250.0,3818398,15149923
2024-01-22,128450.0,128645.0,126580.0,127250.0,4121374,16149291
2024-01-23,127600.0,129155.0,127480.0,129030.0,4176060,16238152
2024-01-24,129760.0,130215.0,128250.0,128315.0,4218248,16980033
2024-01-25,128740.0,129315.0,128400.0,128670.0,3979567,15311796
2024-01-26,129125.0,129805.0,128370.0,129325.0,4025513,14837224
2024-01-29,129630.0,129655.0,128320.0,129100.0,4072215,15252431
2024-01-30,128820.0,129260.0,127495.0,127660.0,4278548,16844846
2024-01-31,127595.0,130060.0,127530.0,127990.0,4916277,19415109
2024-02-01,128485.0,128950.0,127545.0,128790.0,4399349,16947221
2024-02-02,129035.0,129280.0,126860.0,127580.0,4196870,16412114
2024-02-05,127320.0,128075.0,126610.0,127800.0,4043589,15958333
2024-02-06,127995.0,131110.0,127870.0,131110.0,4102560,16220666
2024-02-07,130650.0,130650.0,129555.0,130045.0,4187271,16214943
2024-02-08,129835.0,130195.0,127955.0,128280.0,4217358,16310533
2024-02-09,128600.0,129020.0,127575.0,128060.0,4208138,16164089
2024-02-14,129420.0,129770.0,128765.0,129200.0,2183336,8221856
2024-02-15,129465.0,129925.0,128985.0,129900.0,4116079,15318357
2024-02-16,130180.0,131165.0,129690.0,130830.0,4125379,15948898
2024-02-19,130465.0,131065.0,130085.0,131035.0,2688908,10293979
2024-02-20,130395.0,132070.0,130085.0,132070.0,3971098,15930581
2024-02-21,131520.0,132245.0,131215.0,132245.0,4247261,15955988
2024-02-22,132950.0,133000.0,131820.0,132055.0,3936614,15201721
2024-02-23,132260.0,132480.0,130860.0,131515.0,3618772,14692909
2024-02-26,131235.0,131785.0,130860.0,131285.0,3368639,13136324
2024-02-27,131850.0,133600.0,131830.0,133375.0,3325487,13034020
2024-02-28,132900.0,133080.0,131420.0,131825.0,4129062,15803034
2024-02-29,132200.0,132270.0,130270.0,130800.0,3999046,15682471
2024-03-01,130970.0,131315.0,130230.0,130500.0,3698759,14040165
2024-03-04,130680.0,130875.0,129740.0,129815.0,3213960,12146855
2024-03-05,129700.0,130520.0,129270.0,129750.0,4058493,15648447
2024-03-06,130175.0,130775.0,129880.0,130265.0,4245189,16424386
2024-03-07,130580.0,130615.0,129370.0,129685.0,3609177,14259949
2024-03-08,127500.0,128880.0,127100.0,128305.0,4846874,18711194
2024-03-11,127695.0,128240.0,127235.0,127560.0,4206335,16197890
2024-03-12,127870.0,129325.0,127805.0,128905.0,4629042,17066098
2024-03-13,128940.0,129740.0,128480.0,129325.0,3987890,15258994
2024-03-14,129550.0,129580.0,128270.0,129000.0,4369966,17081901
2024-03-15,128930.0,129060.0,127460.0,127490.0,3777439,14928572
2024-03-18,128200.0,128580.0,127270.0,127805.0,3638657,14668527
2024-03-19,127845.0,128975.0,127600.0,128585.0,4043078,16561726
2024-03-20,128460.0,130655.0,128170.0,130405.0,4884957,18802334
2024-03-21,130330.0,130510.0,128830.0,128885.0,3157683,12895767
2024-03-22,128835.0,128860.0,127625.0,127640.0,3823149,14898434
2024-03-25,127750.0,127960.0,127295.0,127565.0,3348119,12518584
2024-03-26,127650.0,127940.0,127105.0,127635.0,3488560,13132040
2024-03-27,127800.0,128480.0,126830.0,128020.0,3465876,14641978
2024-03-28,127945.0,129015.0,127815.0,128740.0,3237397,12839046
2024-04-01,128890.0,129260.0,127305.0,127500.0,3322975,13526779
2024-04-02,127650.0,128160.0,127085.0,127760.0,3964272,16039906
2024-04-03,127585.0,128210.0,126590.0,127710.0,4140522,17361320
2024-04-04,127940.0,130115.0,127555.0,127660.0,5259551,21602661
2024-04-05,127885.0,128400.0,126735.0,127175.0,5156560,20312129
2024-04-08,127350.0,129565.0,127020.0,128990.0,4160573,16186234
2024-04-09,129350.0,130385.0,129235.0,130280.0,4785742,18746052
2024-04-10,130600.0,131380.0,127915.0,128325.0,5805693,21974326
2024-04-11,127950.0,128325.0,127160.0,127440.0,4657858,18344992
2024-04-12,127750.0,127870.0,125725.0,125970.0,5010832,19317482
2024-04-15,126565.0,126785.0,125075.0,125180.0,5369216,20364976
2024-04-16,125180.0,125205.0,123755.0,124015.0,5713790,22300737
2024-04-17,126690.0,127175.0,125280.0,125930.0,5034765,18675733
2024-04-18,126370.0,126820.0,124990.0,125840.0,5188981,19756848
2024-04-19,125385.0,127170.0,125350.0,126800.0,4662056,17647919
2024-04-22,127295.0,127655.0,126125.0,127385.0,4441741,16969100
2024-04-23,127025.0,127435.0,125760.0,126570.0,4919083,18547068
2024-04-24,127040.0,127300.0,126005.0,126215.0,4546340,16893214
2024-04-25,125915.0,127255.0,125040.0,125890.0,5159966,18969149
2024-04-26,126750.0,128250.0,126250.0,128000.0,4092603,14647066
2024-04-29,127990.0,128775.0,127720.0,128690.0,4366148,15785490
2024-04-30,128320.0,128620.0,127115.0,127350.0,4468692,16713161
2024-05-02,128175.0,129035.0,127880.0,128270.0,4464268,17341469
2024-05-03,128450.0,130315.0,127845.0,130175.0,4705529,17298272
2024-05-06,130415.0,130485.0,129480.0,129670.0,3912477,14922680
2024-05-07,129670.0,130975.0,129600.0,130355.0,3918346,15216862
2024-05-08,129900.0,131515.0,129150.0,130925.0,4031668,16143965
2024-05-09,129600.0,129670.0,128385.0,129650.0,4842688,17949244
2024-05-10,129600.0,130025.0,128525.0,128730.0,4294008,16316176
2024-05-13,129270.0,129720.0,128650.0,129300.0,4086431,15249342
2024-05-14,128715.0,129965.0,128510.0,129735.0,4647444,17749580
2024-05-15,128230.0,129300.0,127610.0,129210.0,4962687,18933286
2024-05-16,129170.0,129995.0,128700.0,129105.0,4420597,17079908
2024-05-17,129350.0,129375.0,128420.0,129200.0,3844260,14725415
2024-05-20,129350.0,129530.0,128165.0,128480.0,4137975,16140199
2024-05-21,128600.0,128950.0,127865.0,128205.0,5270947,20138260
2024-05-22,128000.0,128040.0,125600.0,125680.0,5329737,20421977
2024-05-23,126150.0,126450.0,124970.0,125450.0,5063968,18948087
2024-05-24,125650.0,125920.0,124510.0,124510.0,4139725,15000906
2024-05-27,124810.0,125085.0,124550.0,125000.0,3131959,11032896
2024-05-28,125415.0,126200.0,123840.0,123965.0,4787279,19105521
2024-05-29,123720.0,123865.0,122865.0,123350.0,4085192,15995545
2024-05-31,123350.0,123460.0,122215.0,122720.0,3861451,14834537
2024-06-03,122860.0,122920.0,121730.0,122005.0,4436981,16554606
2024-06-04,121720.0,122260.0,121120.0,122045.0,4956645,18207999
2024-06-05,122305.0,122380.0,121410.0,121515.0,4549213,17394471
2024-06-06,121700.0,123465.0,121385.0,123005.0,4439610,17099724
2024-06-07,122950.0,123425.0,120385.0,120605.0,5128757,19147888
2024-06-10,120695.0,121500.0,120515.0,121090.0,4647655,17581365
2024-06-11,120500.0,121880.0,120315.0,121700.0,4730720,17193669
2024-06-12,123500.0,124730.0,121325.0,121630.0,6040515,21300955
2024-06-13,121830.0,122260.0,121025.0,121395.0,5395877,18977298
2024-06-14,121300.0,122120.0,120590.0,121615.0,4889958,17268747
2024-06-17,121500.0,121910.0,120395.0,120870.0,4526500,16455264
2024-06-18,120550.0,121845.0,120275.0,121440.0,4951666,17430345
2024-06-19,121500.0,122750.0,120650.0,122750.0,4442848,15251034
2024-06-20,123270.0,123395.0,121770.0,122090.0,5557968,19807075
2024-06-21,122100.0,123250.0,121700.0,123190.0,4543536,16811937
2024-06-24,123090.0,124490.0,122820.0,124340.0,4193201,15311556
2024-06-25,124035.0,124410.0,123520.0,124095.0,4440969,15935408
2024-06-26,124150.0,124370.0,122860.0,124370.0,4906129,17816751
2024-06-27,124050.0,126000.0,124050.0,125900.0,4840987,18176305
2024-06-28,125835.0,126120.0,124700.0,125250.0,4820407,18764951
2024-07-01,125600.0,126715.0,125055.0,125920.0,5074529,19031046
2024-07-02,125700.0,126950.0,125545.0,126480.0,5000576,18780540
2024-07-03,126725.0,128000.0,126655.0,127600.0,4216615,16038544
2024-07-04,128000.0,128240.0,127370.0,127535.0,3727011,13497853
2024-07-05,127600.0,128235.0,126760.0,127760.0,4430466,16236118
2024-07-08,127600.0,127845.0,126790.0,127680.0,4707841,16225308
2024-07-09,127675.0,128600.0,127110.0,128475.0,4520322,16765785
2024-07-10,128625.0,129045.0,128060.0,128160.0,4658833,16598205
2024-07-11,128400.0,129515.0,128325.0,129470.0,4627979,16579909
2024-07-12,129420.0,130150.0,129065.0,130130.0,4132241,15553107
2024-07-15,129950.0,130570.0,129750.0,130535.0,3971497,14446476
2024-07-16,130200.0,130565.0,129730.0,130335.0,4186511,15769347
2024-07-17,129980.0,130595.0,129670.0,130315.0,3932685,14561788
2024-07-18,130225.0,130465.0,128380.0,129250.0,4403838,16420858
2024-07-19,129040.0,129355.0,127900.0,127900.0,2944039,10801891
2024-07-22,128400.0,128950.0,128135.0,128795.0,3628825,13304782
2024-07-23,128465.0,128505.0,126700.0,126885.0,3550481,14140744
2024-07-24,127005.0,127475.0,126845.0,127205.0,3469366,13842470
2024-07-25,126745.0,126875.0,126185.0,126600.0,3680347,13581983
2024-07-26,127100.0,128375.0,126600.0,128230.0,3462658,13657024
2024-07-29,128115.0,128320.0,127120.0,127795.0,3113567,12550338
2024-07-30,127520.0,127665.0,126425.0,126910.0,3111000,12517350
2024-07-31,127400.0,128295.0,127055.0,128105.0,3568639,14021787
2024-08-01,127980.0,129325.0,127515.0,127710.0,4006222,15908317
2024-08-02,127315.0,128430.0,126090.0,126775.0,4464957,16045512
2024-08-05,123790.0,126585.0,123130.0,126105.0,5470082,19020163
2024-08-06,126050.0,127240.0,125345.0,126230.0,5050552,18152758
2024-08-07,126900.0,127885.0,126705.0,127680.0,4933422,17278055
2024-08-08,127400.0,129265.0,127395.0,129160.0,3801615,14307635
2024-08-09,128835.0,131165.0,128635.0,130990.0,3894587,15270633
2024-08-12,131000.0,131820.0,130905.0,131425.0,3740549,13656811
2024-08-13,131520.0,132600.0,131480.0,132600.0,3605703,13779992
2024-08-14,134670.0,136010.0,134480.0,135250.0,3722728,13447861
2024-08-15,135410.0,136770.0,135355.0,136425.0,3517843,13683443
2024-08-16,136200.0,137050.0,136030.0,136205.0,3347907,13068829
2024-08-19,136355.0,138395.0,136325.0,138245.0,3505005,13980099
2024-08-20,138050.0,138530.0,137405.0,138415.0,3865135,14952641
2024-08-21,138590.0,139085.0,138260.0,138765.0,3619687,13459786
2024-08-22,138725.0,138730.0,136740.0,137350.0,4068617,15525872
2024-08-23,137760.0,138485.0,137320.0,137750.0,3716332,13720205
2024-08-26,137965.0,138950.0,137770.0,138810.0,3767639,13955427
2024-08-27,138750.0,139070.0,138460.0,138625.0,3392913,12970487
2024-08-28,138260.0,139280.0,137520.0,139165.0,4008401,15927382
2024-08-29,139315.0,139425.0,137400.0,137470.0,3702964,15230888
2024-08-30,137800.0,138990.0,136500.0,138025.0,4339312,16395710
2024-09-02,137250.0,137485.0,136125.0,136220.0,3340877,12076495
2024-09-03,135695.0,136590.0,135600.0,136220.0,4229941,16195516
2024-09-04,135880.0,138460.0,135755.0,137920.0,4161900,16378346
2024-09-05,137850.0,138340.0,137270.0,138265.0,3968200,14828342
2024-09-06,137800.0,138780.0,135650.0,135915.0,4460100,16053428
2024-09-09,136500.0,136800.0,135850.0,135850.0,3451978,12289874
2024-09-10,135740.0,136145.0,135035.0,135620.0,3682463,13648682
2024-09-11,135900.0,136310.0,135015.0,135780.0,4133642,15175263
2024-09-12,136285.0,136295.0,134725.0,135260.0,3469091,13570744
2024-09-13,135250.0,137085.0,135095.0,136015.0,3480795,13138905
2024-09-16,136240.0,136885.0,135850.0,136255.0,3224203,11642939
2024-09-17,136550.0,136735.0,135140.0,136285.0,3907339,14908552
2024-09-18,136040.0,136245.0,134450.0,134600.0,5220245,18753853
2024-09-19,135750.0,136180.0,133670.0,133715.0,4415341,15813563
2024-09-20,133740.0,134115.0,131610.0,131610.0,4511271,16117437
2024-09-23,131400.0,131750.0,130850.0,131360.0,4023182,14170863
2024-09-24,132590.0,133865.0,132335.0,132900.0,4201435,15030579
2024-09-25,133370.0,133845.0,132165.0,132430.0,4162468,14665408
2024-09-26,133300.0,134000.0,132745.0,133535.0,4393970,15120542
2024-09-27,133600.0,134595.0,133105.0,133370.0,3938731,14158893
2024-09-30,133715.0,134195.0,132455.0,132675.0,3759123,12775681
2024-10-01,132445.0,133990.0,132370.0,133485.0,5476633,19295865
2024-10-02,133720.0,135480.0,133645.0,134140.0,4970009,17091496
2024-10-03,133875.0,133940.0,131540.0,131920.0,5122052,18497900
2024-10-04,132150.0,132600.0,131335.0,132210.0,4166804,14638639
2024-10-07,131910.0,133350.0,131850.0,132315.0,4311088,15246760
2024-10-08,131385.0,131935.0,130600.0,131825.0,4614771,16516312
2024-10-09,131750.0,131825.0,129860.0,130005.0,4221090,16024726
2024-10-10,130240.0,130645.0,129895.0,130475.0,3688765,13029951
2024-10-11,130340.0,130945.0,129375.0,130270.0,3594962,13323547
2024-10-14,130100.0,131270.0,129420.0,131190.0,4491486,16015215
2024-10-15,130610.0,131330.0,130205.0,130765.0,4089884,14978275
2024-10-16,133190.0,134360.0,132910.0,133465.0,4331727,15923640
2024-10-17,133340.0,133430.0,131940.0,133020.0,3719029,13955717
2024-10-18,133470.0,133820.0,132120.0,132310.0,3623789,14242257
2024-10-21,132140.0,133115.0,132010.0,132220.0,4105117,15096109
2024-10-22,132050.0,132195.0,130960.0,132120.0,4555099,17583364
2024-10-23,131510.0,131530.0,130430.0,130800.0,4255530,16463964
2024-10-24,131315.0,132215.0,130610.0,132180.0,4420039,16581587
2024-10-25,132300.0,132360.0,131480.0,131480.0,4083295,14956968
2024-10-28,131600.0,133560.0,131355.0,133395.0,3783029,14553344
2024-10-29,133125.0,133485.0,132330.0,132405.0,4119268,15915383
2024-10-30,132250.0,132715.0,131885.0,132140.0,3500953,13231124
2024-10-31,131940.0,132335.0,131030.0,131140.0,3779942,14017168
2024-11-01,131465.0,131635.0,128995.0,129170.0,3599316,14030059
2024-11-04,130000.0,132170.0,130000.0,131995.0,3885161,15418502
2024-11-05,131925.0,132265.0,131130.0,131930.0,3753950,14527739
2024-11-06,130655.0,132020.0,129780.0,130440.0,5260046,19150359
2024-11-07,131150.0,132665.0,130605.0,130935.0,5183756,18885137
2024-11-08,130100.0,130340.0,128025.0,128870.0,4771430,18072148
2024-11-11,128450.0,129215.0,128230.0,128900.0,4184637,15549826
2024-11-12,128520.0,129250.0,128230.0,128700.0,4045424,15163008
2024-11-13,128800.0,129225.0,127820.0,128755.0,4659198,17251497
2024-11-14,129065.0,129440.0,128350.0,128620.0,4218073,15072354
2024-11-18,128850.0,129295.0,128105.0,128580.0,4042435,13997360
2024-11-19,128390.0,129480.0,128045.0,129260.0,4384179,15218073
2024-11-21,128900.0,129165.0,127350.0,127705.0,4552842,16822335
2024-11-22,127760.0,130435.0,127685.0,130160.0,4426743,16404347
2024-11-25,130295.0,130330.0,129555.0,129660.0,4030853,14298007
2024-11-26,129450.0,130995.0,129310.0,130715.0,4207756,15043141
2024-11-27,130600.0,130915.0,127875.0,128070.0,5293822,18635662
2024-11-28,128250.0,128250.0,124785.0,125270.0,4056332,14567889
2024-11-29,125645.0,126675.0,124405.0,126015.0,5616793,16728671
2024-12-02,126310.0,126390.0,125100.0,125600.0,4731396,16338190
2024-12-03,126155.0,126825.0,125700.0,126310.0,4653729,15951809
2024-12-04,126335.0,127140.0,125980.0,126460.0,4252192,14934182
2024-12-05,126640.0,128395.0,126270.0,128320.0,3956336,14914516
2024-12-06,127965.0,128015.0,125985.0,126100.0,4120427,14965971
2024-12-09,126740.0,127770.0,126505.0,127390.0,3542509,12462292
2024-12-10,128260.0,128750.0,127860.0,128465.0,4064622,14079070
2024-12-11,128260.0,131290.0,127525.0,130055.0,5190717,17539381
2024-12-12,130260.0,130480.0,125950.0,126260.0,4729248,17730321
2024-12-13,126305.0,126550.0,124590.0,125000.0,4170935,14333186
2024-12-16,124810.0,125020.0,123320.0,123460.0,4012362,13246331
2024-12-17,123525.0,125430.0,123495.0,124970.0,5344313,16860939
2024-12-18,126755.0,127030.0,122045.0,123175.0,5026828,16089922
2024-12-19,123850.0,123905.0,122800.0,122990.0,4677568,14729387
2024-12-20,122600.0,123980.0,122370.0,123945.0,4079602,12929267
2024-12-23,123450.0,123570.0,122095.0,122175.0,3297620,10457016
2024-12-26,122205.0,123110.0,121660.0,122640.0,3510814,10809641
2024-12-27,122505.0,123075.0,121305.0,121535.0,3488485,10907429
2024-12-30,121505.0,122410.0,121410.0,121620.0,3251837,10171197
2025-01-02,121790.0,122375.0,120300.0,121360.0,3960154,12191969
2025-01-03,121265.0,121565.0,119480.0,119500.0,3604609,11517183
2025-01-06,119925.0,121470.0,119825.0,121080.0,4130922,13082301
2025-01-07,121060.0,122855.0,120915.0,122425.0,4043519,13582809
2025-01-08,122200.0,122350.0,120370.0,120790.0,3883238,12567759
2025-01-09,120775.0,121150.0,120475.0,120750.0,3227501,10856168
2025-01-10,121110.0,121420.0,119655.0,120050.0,3603686,12011941
2025-01-13,119785.0,120650.0,119565.0,119770.0,3478098,11738607
2025-01-14,120230.0,120510.0,119055.0,120325.0,4137605,13342447
2025-01-15,120270.0,123960.0,120270.0,123490.0,3890585,14584454
2025-01-16,123150.0,123420.0,121595.0,121965.0,3796839,13076160
2025-01-17,122565.0,123555.0,121810.0,122875.0,3688828,13021491
2025-01-20,122910.0,124060.0,122245.0,123685.0,3809874,12719229
2025-01-21,123440.0,124310.0,122875.0,124040.0,3502142,11958274
2025-01-22,124230.0,124770.0,123610.0,123760.0,3513601,12057737
2025-01-23,123800.0,124730.0,122830.0,123115.0,3842655,13358733
2025-01-24,123350.0,123565.0,122790.0,123110.0,3104725,10329111
2025-01-27,122350.0,125655.0,122190.0,125500.0,3920993,13525628
2025-01-28,125250.0,125605.0,124485.0,124725.0,3314851,11165109
2025-01-29,124860.0,125535.0,123750.0,123950.0,3518723,11627269
2025-01-30,124450.0,127740.0,124245.0,127445.0,4326148,14811348
2025-01-31,127310.0,128015.0,126505.0,126750.0,3905458,12327484
2025-02-03,125715.0,126900.0,125465.0,126420.0,3921176,12629068
2025-02-04,126500.0,126535.0,124965.0,125450.0,3720458,11894790
2025-02-05,125550.0,126120.0,124845.0,125875.0,3524932,11541640
2025-02-06,125950.0,126645.0,125400.0,126120.0,3668686,12114749
2025-02-07,126385.0,126745.0,124320.0,124925.0,4014754,12885957
2025-02-10,125100.0,126490.0,124860.0,125650.0,3353509,11329963
2025-02-11,125750.0,127000.0,125565.0,126590.0,3213431,10632093
2025-02-12,129030.0,129340.0,126415.0,126415.0,4392877,14004259
2025-02-13,126930.0,127290.0,126035.0,127140.0,3481693,11873801
2025-02-14,127020.0,130940.0,126995.0,130455.0,3576965,12549686
2025-02-17,130450.0,131940.0,130420.0,130880.0,3317371,10533059
2025-02-18,131300.0,131610.0,130295.0,130770.0,3532789,12275010
2025-02-19,130600.0,130620.0,129150.0,129390.0,3232115,11352296
2025-02-20,129700.0,130000.0,129095.0,129470.0,3236906,11135282
2025-02-21,129520.0,129750.0,128445.0,129160.0,3309743,10882495
2025-02-24,129435.0,129775.0,127065.0,127550.0,3705713,12707756
2025-02-25,127620.0,128750.0,127540.0,127815.0,3894857,12895659
2025-02-26,128320.0,129135.0,126545.0,126885.0,3908763,12774198
2025-02-27,126100.0,127305.0,125850.0,126515.0,3788065,12435527
2025-02-28,126390.0,126645.0,124295.0,124850.0,3827441,12753126
2025-03-05,125190.0,125300.0,124425.0,124800.0,1885698,6334280
2025-03-06,124490.0,125810.0,124220.0,125060.0,4747457,15117257
2025-03-07,125155.0,127460.0,123705.0,126695.0,4834606,15278679
2025-03-10,126050.0,126355.0,124895.0,125865.0,4570402,15226454
2025-03-11,126260.0,126325.0,123965.0,125160.0,4609279,15298633
2025-03-12,125300.0,125775.0,124360.0,125025.0,4480436,14399383
2025-03-13,124825.0,127190.0,124655.0,127070.0,3762147,12927335
2025-03-14,127420.0,130550.0,127355.0,130085.0,3672078,13004558
2025-03-17,130085.0,132685.0,129890.0,132300.0,3891011,12403154
2025-03-18,131865.0,133160.0,131490.0,132830.0,4127939,13081439
2025-03-19,132540.0,134455.0,132530.0,134130.0,3967265,12718968
2025-03-20,133590.0,133955.0,132895.0,133265.0,3821879,12557538
2025-03-21,132950.0,133735.0,132615.0,133110.0,3794755,12518206
2025-03-24,133900.0,134145.0,131925.0,132470.0,3970400,13095961
2025-03-25,132200.0,134455.0,132090.0,133195.0,3950139,13028493
2025-03-26,133180.0,133875.0,132605.0,133200.0,3920590,13182091
2025-03-27,133680.0,134640.0,133240.0,133835.0,4098672,13264875
2025-03-28,133745.0,133800.0,132030.0,132720.0,4009360,13628018
2025-03-31,131935.0,132170.0,130805.0,130960.0,3924255,12965594
2025-04-01,131130.0,132665.0,130625.0,131700.0,4278720,13937774
2025-04-02,131525.0,133410.0,130760.0,130760.0,4736527,14995530
2025-04-03,130340.0,133130.0,130205.0,131870.0,5134665,15944876
2025-04-04,129700.0,129900.0,126825.0,127650.0,5458614,16430319
2025-04-07,125650.0,129025.0,124225.0,125890.0,8268450,20555088
2025-04-08,127300.0,127980.0,123645.0,124000.0,6488199,18956798
2025-04-09,123015.0,129960.0,122560.0,127550.0,7744091,20281068
2025-04-10,127145.0,128245.0,125060.0,126535.0,7135820,18183647
2025-04-11,127080.0,128540.0,126100.0,127920.0,5748328,16042050
2025-04-14,128600.0,130125.0,128425.0,129480.0,5601680,16677229
2025-04-15,129450.0,129995.0,128950.0,129275.0,4799276,14527426
2025-04-16,131520.0,132065.0,130380.0,130570.0,4891738,14829966
2025-04-17,130855.0,132600.0,130270.0,131875.0,4618854,14547931
2025-04-22,132140.0,133335.0,130940.0,133110.0,4565976,14824219
2025-04-23,134125.0,135770.0,134110.0,135015.0,4576845,15266882
2025-04-24,134785.0,137390.0,134675.0,137050.0,4389234,14973591
2025-04-25,136745.0,137430.0,136500.0,137265.0,4156547,13527456
2025-04-28,136890.0,138070.0,136840.0,137275.0,3785289,12692963
2025-04-29,137265.0,138465.0,137145.0,137420.0,3823534,12713209
2025-04-30,137155.0,137640.0,136115.0,136800.0,4602087,15631306
2025-05-02,137240.0,137555.0,136380.0,137555.0,3936753,13246304
2025-05-05,136975.0,137460.0,135300.0,135300.0,3651281,12627039
2025-05-06,135300.0,136220.0,135160.0,135665.0,3824191,13233269
2025-05-07,136000.0,136500.0,134675.0,135390.0,4352420,15321888
2025-05-08,136400.0,139620.0,136380.0,138360.0,4297615,15286787
2025-05-09,138800.0,139070.0,137905.0,138220.0,3657372,12763863
2025-05-12,140305.0,140310.0,138060.0,138620.0,3622531,12519481
2025-05-13,138700.0,141360.0,138325.0,140525.0,3902985,13566898
2025-05-14,140555.0,141030.0,139925.0,140065.0,3942963,13024902
2025-05-15,139775.0,141170.0,139570.0,141075.0,4079820,13049726
2025-05-16,140770.0,140850.0,139120.0,140325.0,3987730,13256634
2025-05-19,140000.0,141740.0,139895.0,141310.0,4085195,13486175
2025-05-20,141300.0,141730.0,140390.0,141500.0,3720165,12241512
2025-05-21,141270.0,141515.0,138790.0,139060.0,4132974,13977693
2025-05-22,139065.0,140150.0,135175.0,136290.0,4833291,16364717
2025-05-23,136440.0,139205.0,135960.0,138830.0,4849841,14575123
2025-05-26,139200.0,139965.0,138715.0,139420.0,3661810,10766967
2025-05-27,140020.0,141625.0,140020.0,140930.0,4258967,12993601
2025-05-28,140795.0,141080.0,139565.0,140285.0,3538471,10644307
2025-05-29,140600.0,140600.0,138835.0,139605.0,4303644,13245683
2025-05-30,139600.0,140045.0,137535.0,138020.0,4393900,13057022
2025-06-02,138110.0,139570.0,137240.0,137435.0,4114122,12783973
2025-06-03,137525.0,138575.0,136845.0,138490.0,3791354,11286566
2025-06-04,138650.0,139550.0,137440.0,137815.0,4342844,12497907
2025-06-05,138010.0,138250.0,136570.0,136935.0,4690340,13741920
2025-06-06,137400.0,137535.0,136150.0,136800.0,4522670,13158077
2025-06-09,136775.0,137200.0,134520.0,136290.0,4370504,12928521
2025-06-10,136780.0,137885.0,136500.0,137045.0,4896232,14338754
2025-06-11,137020.0,137950.0,135710.0,137320.0,5035078,14589989
2025-06-12,136830.0,138245.0,136020.0,138175.0,4711292,13896778
2025-06-13,137385.0,137950.0,136660.0,137285.0,5055324,14386162
2025-06-16,137600.0,140265.0,137550.0,140150.0,4632246,13463267
2025-06-17,139650.0,139795.0,138280.0,138940.0,4758730,13347934
2025-06-18,141695.0,141960.0,141000.0,141655.0,4149233,11654037
2025-06-20,141580.0,141745.0,139305.0,139710.0,3999334,11950298
2025-06-23,139695.0,139945.0,138320.0,139215.0,4412957,13197834
2025-06-24,139860.0,140670.0,138640.0,139300.0,4299804,13393477
2025-06-25,139300.0,139385.0,137735.0,138190.0,4462436,13448923
2025-06-26,138635.0,139750.0,138325.0,139225.0,4368899,13193476
2025-06-27,139600.0,139740.0,138300.0,139335.0,4311438,12888531
2025-06-30,139250.0,141450.0,138025.0,141115.0,4437997,13572073
2025-07-01,140900.0,141950.0,140725.0,141785.0,4523643,13400152
2025-07-02,141830.0,142200.0,140400.0,141435.0,5033023,16123132
2025-07-03,141160.0,143445.0,140865.0,143125.0,4285251,13689174
2025-07-04,142675.0,143825.0,142415.0,143815.0,3139189,9212872
2025-07-07,143360.0,143415.0,141145.0,141325.0,4314703,14434276
2025-07-08,141670.0,141895.0,140530.0,141250.0,4639137,14853931
2025-07-09,141280.0,141340.0,137155.0,137820.0,4458197,14619877
2025-07-10,137320.0,138875.0,136755.0,138575.0,4282620,14217536
2025-07-11,138100.0,138255.0,137005.0,137615.0,4052236,13124695
2025-07-14,137370.0,137720.0,136225.0,136740.0,3856602,12501361
2025-07-15,136880.0,137535.0,135650.0,137175.0,4445060,14457463
2025-07-16,136640.0,137280.0,135525.0,136495.0,4707232,15155740
2025-07-17,136210.0,137065.0,135635.0,136795.0,4189123,13358287
2025-07-18,136565.0,136640.0,134310.0,134725.0,4346331,14208242
2025-07-21,134140.0,136050.0,134040.0,135145.0,4077696,12491618
2025-07-22,135250.0,136385.0,134785.0,135575.0,4282174,12671542
2025-07-23,135675.0,136800.0,134505.0,136360.0,4407378,14524563
2025-07-24,136065.0,136160.0,134510.0,134595.0,3813037,12372466
2025-07-25,134530.0,135555.0,134075.0,134280.0,3913396,12857314
2025-07-28,134210.0,134885.0,132335.0,133065.0,3996229,12893828
2025-07-29,133150.0,134100.0,132770.0,133355.0,4306269,13812225
2025-07-30,133435.0,135870.0,132495.0,134560.0,5964364,18329610
2025-07-31,133980.0,134210.0,132520.0,133635.0,4446148,15005278
2025-08-01,132905.0,135480.0,132505.0,132990.0,5262398,16283581
2025-08-04,133400.0,134585.0,132815.0,133200.0,4691928,14790649
2025-08-05,132760.0,134650.0,132600.0,133520.0,5186044,16729636
2025-08-06,133760.0,135585.0,133740.0,134780.0,4924105,16548647
2025-08-07,135225.0,137265.0,135035.0,137060.0,4678780,16075606
2025-08-08,136705.0,136795.0,135720.0,136365.0,4283785,14746803
2025-08-11,136105.0,136445.0,135510.0,135850.0,4299297,14073125
2025-08-12,136335.0,138490.0,136070.0,138135.0,4573067,15047802
2025-08-13,141130.0,141445.0,139530.0,139675.0,3690919,12126011
2025-08-14,139480.0,140460.0,138485.0,139400.0,4514605,15309189
2025-08-15,139500.0,140820.0,138400.0,139395.0,3929601,13291750
2025-08-18,139295.0,140820.0,138955.0,140075.0,4245867,13770442
2025-08-19,140170.0,140200.0,136250.0,136490.0,4730049,17179543
2025-08-20,136795.0,137665.0,136460.0,137145.0,4572422,15455438
2025-08-21,136960.0,137565.0,135900.0,137140.0,2647742,8662578
2025-08-22,137165.0,140925.0,137005.0,140740.0,4332934,14594795
2025-08-25,140780.0,141585.0,140500.0,140850.0,3938882,13039301
2025-08-26,140525.0,140735.0,139450.0,140435.0,3950842,13263278
2025-08-27,140100.0,141765.0,139540.0,141310.0,4556031,15030335
2025-08-28,142150.0,144660.0,142115.0,143750.0,4312250,15181579
2025-08-29,143005.0,144775.0,142870.0,144095.0,3808432,13186821
2025-09-01,143905.0,144250.0,143035.0,143610.0,3572805,11506432
2025-09-02,142650.0,143250.0,141615.0,142500.0,5047682,16312820
2025-09-03,142700.0,142815.0,141590.0,141780.0,4429080,14520121
2025-09-04,141750.0,143495.0,141550.0,142965.0,4302003,14539994
2025-09-05,143240.0,145465.0,143160.0,144650.0,4387947,15113162
2025-09-08,144850.0,145025.0,143145.0,143790.0,4101695,14260476
2025-09-09,143930.0,144475.0,143340.0,143605.0,4357119,15154379
2025-09-10,143780.0,144920.0,142965.0,144335.0,4675705,15539743
2025-09-11,144150.0,145695.0,143380.0,144795.0,4686305,15432157
2025-09-12,144395.0,144870.0,143550.0,144165.0,4057286,13754057
2025-09-15,144150.0,145805.0,143930.0,144790.0,4888988,16459886
2025-09-16,145620.0,146260.0,145050.0,145475.0,5215210,16874758
2025-09-17,145400.0,147895.0,145115.0,146995.0,6221855,20255081
2025-09-18,147100.0,147395.0,146325.0,146840.0,1181317,11588927
